A/Galala_56_44.png,A
A/Galala_54_45.png,A
A/Tiba_12_14.png,A
A/Tiba_23_15.png,A
A/Cairo_0_30.png,A
A/Tiba_14_18.png,A
A/Galala_23_20.png,A
A/Galala_41_7.png,A
A/Galala_48_37.png,A
A/Mansoura_0_18.png,A
A/Galala_2_10.png,A
A/Mansoura_26_30.png,A
A/Tiba_3_23.png,A
A/Tiba_10_28.png,A
A/Galala_59_35.png,A
A/Galala_0_50.png,A
A/Galala_59_41.png,A
A/Galala_12_30.png,A
A/Galala_7_39.png,A
A/Tiba_10_10.png,A
A/Galala_15_19.png,A
A/Tiba_2_26.png,A
A/Tiba_9_18.png,A
A/Galala_2_0.png,A
A/Galala_60_19.png,A
A/Mansoura_5_39.png,A
A/Tiba_3_16.png,A
A/Galala_24_6.png,A
A/Galala_61_8.png,A
A/Mansoura_15_0.png,A
A/Mansoura_26_36.png,A
A/Galala_42_36.png,A
A/Galala_3_34.png,A
A/Galala_34_1.png,A
A/Galala_0_36.png,A
A/Mansoura_3_25.png,A
A/Mansoura_6_19.png,A
A/Galala_5_30.png,A
A/Tiba_6_8.png,A
A/Galala_61_47.png,A
A/Mansoura_18_39.png,A
A/Tiba_12_20.png,A
A/Tiba_5_27.png,A
A/Mansoura_9_25.png,A
A/Tiba_32_16.png,A
A/Galala_54_27.png,A
A/Tiba_9_5.png,A
A/Galala_56_8.png,A
A/Galala_41_50.png,A
A/Galala_1_17.png,A
A/Galala_47_28.png,A
A/Mansoura_11_11.png,A
A/Mansoura_10_6.png,A
A/Mansoura_2_21.png,A
A/Mansoura_5_33.png,A
A/Galala_41_8.png,A
A/Galala_13_14.png,A
A/Tiba_31_4.png,A
A/Galala_33_50.png,A
A/Mansoura_10_32.png,A
A/Galala_46_37.png,A
A/Galala_4_49.png,A
A/Galala_54_41.png,A
A/Mansoura_27_32.png,A
A/Galala_45_23.png,A
A/Galala_41_24.png,A
A/Tiba_16_23.png,A
A/Tiba_27_1.png,A
A/Mansoura_8_23.png,A
A/Galala_52_4.png,A
A/Galala_12_24.png,A
A/Mansoura_24_11.png,A
A/Tiba_3_34.png,A
A/Galala_30_48.png,A
A/Galala_34_37.png,A
A/Galala_36_41.png,A
A/Mansoura_27_37.png,A
A/Galala_36_48.png,A
A/Cairo_8_2.png,A
A/Galala_16_36.png,A
A/Galala_6_36.png,A
A/Tiba_2_20.png,A
A/Galala_59_24.png,A
A/Mansoura_25_8.png,A
A/Mansoura_1_28.png,A
A/Galala_50_46.png,A
A/Cairo_15_32.png,A
A/Galala_8_24.png,A
A/Galala_30_37.png,A
A/Tiba_15_7.png,A
A/Tiba_0_26.png,A
A/Galala_54_13.png,A
A/Cairo_13_2.png,A
A/Galala_53_27.png,A
A/Mansoura_18_37.png,A
A/Galala_35_24.png,A
A/Galala_52_0.png,A
A/Galala_18_13.png,A
A/Cairo_5_29.png,A
A/Tiba_28_7.png,A
A/Galala_43_35.png,A
A/Tiba_30_18.png,A
A/Galala_17_7.png,A
A/Galala_25_12.png,A
A/Tiba_25_18.png,A
A/Galala_47_24.png,A
A/Tiba_0_33.png,A
A/Tiba_7_21.png,A
A/Cairo_12_29.png,A
A/Mansoura_10_12.png,A
A/Mansoura_11_2.png,A
A/Tiba_27_12.png,A
A/Galala_7_10.png,A
A/Galala_10_14.png,A
A/Galala_34_43.png,A
A/Mansoura_16_1.png,A
A/Galala_11_1.png,A
A/Galala_35_19.png,A
A/Tiba_19_33.png,A
A/Galala_55_26.png,A
A/Tiba_17_5.png,A
A/Mansoura_21_22.png,A
A/Mansoura_19_24.png,A
A/Galala_9_7.png,A
A/Galala_41_43.png,A
A/Tiba_7_18.png,A
A/Galala_5_35.png,A
A/Tiba_3_22.png,A
A/Mansoura_14_10.png,A
A/Galala_2_36.png,A
A/Galala_45_2.png,A
A/Tiba_4_9.png,A
A/Galala_8_46.png,A
A/Mansoura_8_36.png,A
A/Galala_26_34.png,A
A/Tiba_27_20.png,A
A/Mansoura_28_32.png,A
A/Galala_49_18.png,A
A/Galala_30_40.png,A
A/Galala_38_1.png,A
A/Galala_20_47.png,A
A/Galala_24_24.png,A
A/Mansoura_16_22.png,A
A/Galala_8_23.png,A
A/Mansoura_14_1.png,A
A/Mansoura_14_32.png,A
A/Tiba_24_4.png,A
A/Galala_46_30.png,A
A/Galala_34_41.png,A
A/Tiba_10_9.png,A
A/Galala_1_41.png,A
A/Galala_19_0.png,A
A/Tiba_20_12.png,A
A/Galala_34_50.png,A
A/Mansoura_2_15.png,A
A/Galala_55_30.png,A
A/Cairo_4_31.png,A
A/Galala_58_46.png,A
A/Galala_40_34.png,A
A/Tiba_21_27.png,A
A/Galala_61_29.png,A
A/Tiba_1_2.png,A
A/Mansoura_29_1.png,A
A/Cairo_9_10.png,A
A/Tiba_5_30.png,A
A/Galala_36_25.png,A
A/Tiba_28_20.png,A
A/Galala_28_29.png,A
A/Galala_13_1.png,A
A/Tiba_9_8.png,A
A/Galala_6_27.png,A
A/Galala_44_8.png,A
A/Galala_11_21.png,A
A/Galala_20_40.png,A
A/Tiba_20_16.png,A
A/Tiba_0_6.png,A
A/Mansoura_7_9.png,A
A/Tiba_32_34.png,A
A/Cairo_1_20.png,A
A/Galala_41_49.png,A
A/Galala_31_23.png,A
A/Tiba_18_31.png,A
A/Tiba_5_9.png,A
A/Cairo_3_11.png,A
A/Galala_6_40.png,A
A/Tiba_19_34.png,A
A/Cairo_3_5.png,A
A/Tiba_12_23.png,A
A/Tiba_10_20.png,A
A/Tiba_21_11.png,A
A/Tiba_24_7.png,A
A/Mansoura_15_5.png,A
A/Tiba_30_21.png,A
A/Galala_29_32.png,A
A/Galala_54_19.png,A
A/Galala_5_47.png,A
A/Galala_52_30.png,A
A/Galala_10_32.png,A
A/Tiba_3_0.png,A
A/Galala_34_46.png,A
A/Galala_28_4.png,A
A/Mansoura_14_14.png,A
A/Galala_37_25.png,A
A/Galala_7_30.png,A
A/Galala_49_45.png,A
A/Galala_20_48.png,A
A/Tiba_0_5.png,A
A/Galala_60_31.png,A
A/Tiba_25_27.png,A
A/Mansoura_20_3.png,A
A/Galala_38_13.png,A
A/Galala_45_31.png,A
A/Tiba_17_10.png,A
A/Galala_30_23.png,A
A/Galala_29_20.png,A
A/Cairo_8_4.png,A
A/Galala_46_28.png,A
A/Galala_60_28.png,A
A/Galala_29_49.png,A
A/Tiba_25_3.png,A
A/Mansoura_24_35.png,A
A/Galala_34_25.png,A
A/Galala_48_50.png,A
A/Galala_40_5.png,A
A/Tiba_4_16.png,A
A/Cairo_11_14.png,A
A/Galala_56_1.png,A
A/Cairo_1_21.png,A
A/Mansoura_23_30.png,A
A/Galala_12_47.png,A
A/Galala_39_40.png,A
A/Galala_57_5.png,A
A/Galala_18_32.png,A
A/Tiba_31_10.png,A
A/Mansoura_10_25.png,A
A/Galala_17_19.png,A
A/Galala_53_19.png,A
A/Galala_20_15.png,A
A/Galala_39_19.png,A
A/Galala_53_30.png,A
A/Galala_27_17.png,A
A/Galala_59_22.png,A
A/Galala_20_46.png,A
A/Galala_44_17.png,A
A/Galala_22_42.png,A
A/Galala_59_19.png,A
A/Tiba_32_5.png,A
A/Mansoura_25_29.png,A
A/Galala_48_43.png,A
A/Galala_54_37.png,A
A/Tiba_12_25.png,A
A/Galala_46_45.png,A
A/Mansoura_18_33.png,A
A/Galala_57_25.png,A
A/Mansoura_29_15.png,A
A/Tiba_21_14.png,A
A/Cairo_13_6.png,A
A/Galala_55_21.png,A
A/Galala_27_35.png,A
A/Cairo_14_18.png,A
A/Mansoura_3_39.png,A
A/Galala_18_42.png,A
A/Galala_30_35.png,A
A/Mansoura_26_32.png,A
A/Galala_4_15.png,A
A/Galala_32_24.png,A
A/Galala_27_16.png,A
A/Cairo_6_21.png,A
A/Galala_50_20.png,A
A/Mansoura_8_28.png,A
A/Galala_14_2.png,A
A/Mansoura_9_36.png,A
A/Galala_32_16.png,A
A/Galala_13_7.png,A
A/Mansoura_9_35.png,A
A/Galala_6_11.png,A
A/Galala_22_49.png,A
A/Mansoura_15_8.png,A
A/Mansoura_1_4.png,A
A/Galala_6_29.png,A
A/Tiba_28_16.png,A
A/Galala_52_16.png,A
A/Galala_39_45.png,A
A/Mansoura_0_17.png,A
A/Tiba_8_22.png,A
A/Cairo_6_2.png,A
A/Cairo_8_18.png,A
A/Cairo_9_31.png,A
A/Galala_55_2.png,A
A/Mansoura_11_30.png,A
A/Galala_52_5.png,A
A/Galala_7_42.png,A
A/Mansoura_26_7.png,A
A/Mansoura_19_4.png,A
A/Mansoura_19_30.png,A
A/Galala_25_49.png,A
A/Galala_52_22.png,A
A/Galala_24_22.png,A
A/Galala_16_40.png,A
A/Galala_14_36.png,A
A/Galala_43_21.png,A
A/Galala_42_26.png,A
A/Galala_44_22.png,A
A/Galala_3_22.png,A
A/Galala_2_42.png,A
A/Galala_7_47.png,A
A/Mansoura_16_17.png,A
A/Tiba_31_7.png,A
A/Galala_30_47.png,A
A/Galala_15_22.png,A
A/Mansoura_22_24.png,A
A/Galala_14_5.png,A
A/Galala_19_47.png,A
A/Galala_48_13.png,A
A/Cairo_8_13.png,A
A/Tiba_19_14.png,A
A/Tiba_25_8.png,A
A/Galala_13_33.png,A
A/Galala_18_8.png,A
A/Mansoura_12_17.png,A
A/Cairo_0_26.png,A
A/Galala_41_45.png,A
A/Galala_17_40.png,A
A/Cairo_8_25.png,A
A/Tiba_2_22.png,A
A/Galala_61_36.png,A
A/Galala_26_32.png,A
A/Tiba_22_4.png,A
A/Galala_24_11.png,A
A/Tiba_13_8.png,A
A/Galala_58_44.png,A
A/Tiba_17_20.png,A
A/Tiba_23_4.png,A
A/Mansoura_5_36.png,A
A/Mansoura_9_14.png,A
A/Mansoura_5_40.png,A
A/Cairo_15_2.png,A
A/Galala_20_3.png,A
A/Tiba_17_28.png,A
A/Galala_49_42.png,A
A/Galala_36_22.png,A
A/Galala_54_1.png,A
A/Mansoura_27_27.png,A
A/Tiba_17_11.png,A
A/Mansoura_16_5.png,A
A/Galala_27_41.png,A
A/Galala_8_19.png,A
A/Cairo_8_1.png,A
A/Galala_23_21.png,A
A/Galala_14_24.png,A
A/Mansoura_7_4.png,A
A/Mansoura_23_14.png,A
A/Galala_0_33.png,A
A/Tiba_1_14.png,A
A/Galala_53_14.png,A
A/Cairo_4_7.png,A
A/Galala_56_43.png,A
A/Galala_14_22.png,A
A/Galala_29_5.png,A
A/Mansoura_23_11.png,A
A/Galala_0_42.png,A
A/Galala_25_1.png,A
A/Mansoura_27_9.png,A
A/Galala_35_4.png,A
A/Mansoura_13_20.png,A
A/Galala_19_11.png,A
A/Mansoura_22_9.png,A
A/Tiba_2_10.png,A
A/Galala_50_17.png,A
A/Galala_4_43.png,A
A/Galala_58_3.png,A
A/Galala_40_46.png,A
A/Galala_33_23.png,A
A/Galala_2_16.png,A
A/Galala_53_1.png,A
A/Galala_30_36.png,A
A/Mansoura_5_29.png,A
A/Mansoura_19_5.png,A
A/Galala_19_44.png,A
A/Cairo_14_3.png,A
A/Mansoura_13_3.png,A
A/Galala_29_38.png,A
A/Cairo_13_33.png,A
A/Tiba_8_6.png,A
A/Tiba_15_18.png,A
A/Mansoura_10_24.png,A
A/Galala_34_45.png,A
A/Cairo_11_19.png,A
A/Tiba_5_19.png,A
A/Mansoura_22_25.png,A
A/Cairo_12_2.png,A
A/Tiba_20_19.png,A
A/Mansoura_2_32.png,A
A/Galala_8_15.png,A
A/Galala_2_37.png,A
A/Mansoura_1_33.png,A
A/Galala_46_34.png,A
A/Cairo_12_4.png,A
A/Galala_46_32.png,A
A/Galala_43_8.png,A
A/Galala_28_18.png,A
A/Tiba_19_26.png,A
A/Galala_32_43.png,A
A/Galala_9_35.png,A
A/Galala_9_2.png,A
A/Galala_22_31.png,A
A/Galala_47_6.png,A
A/Galala_35_48.png,A
A/Galala_16_32.png,A
A/Tiba_0_2.png,A
A/Mansoura_6_29.png,A
A/Mansoura_6_20.png,A
A/Tiba_21_22.png,A
A/Mansoura_13_22.png,A
A/Mansoura_25_0.png,A
A/Cairo_8_17.png,A
A/Cairo_13_25.png,A
A/Mansoura_14_0.png,A
A/Tiba_12_17.png,A
A/Galala_33_32.png,A
A/Cairo_14_11.png,A
A/Galala_31_48.png,A
A/Mansoura_8_34.png,A
A/Galala_0_12.png,A
A/Galala_53_9.png,A
A/Galala_39_47.png,A
A/Tiba_17_32.png,A
A/Cairo_8_33.png,A
A/Mansoura_28_10.png,A
A/Galala_25_50.png,A
A/Cairo_4_28.png,A
A/Galala_36_16.png,A
A/Mansoura_8_8.png,A
A/Mansoura_25_20.png,A
A/Cairo_0_22.png,A
A/Galala_21_44.png,A
A/Galala_13_47.png,A
A/Mansoura_0_29.png,A
A/Mansoura_2_18.png,A
A/Galala_53_25.png,A
A/Galala_25_2.png,A
A/Mansoura_20_28.png,A
A/Galala_26_12.png,A
A/Galala_15_50.png,A
A/Galala_56_2.png,A
A/Galala_22_14.png,A
A/Mansoura_5_21.png,A
A/Cairo_4_20.png,A
A/Tiba_4_12.png,A
A/Galala_21_31.png,A
A/Tiba_6_12.png,A
A/Galala_31_6.png,A
A/Tiba_28_1.png,A
A/Galala_3_35.png,A
A/Mansoura_5_16.png,A
A/Galala_27_30.png,A
A/Galala_15_48.png,A
A/Tiba_4_15.png,A
A/Galala_5_14.png,A
A/Galala_21_13.png,A
A/Tiba_26_29.png,A
A/Tiba_11_34.png,A
A/Galala_59_8.png,A
A/Tiba_27_10.png,A
A/Mansoura_16_15.png,A
A/Tiba_3_27.png,A
A/Galala_49_24.png,A
A/Tiba_28_34.png,A
A/Mansoura_13_8.png,A
A/Galala_29_33.png,A
A/Galala_31_2.png,A
A/Galala_53_43.png,A
A/Tiba_7_0.png,A
A/Cairo_3_14.png,A
A/Tiba_31_9.png,A
A/Galala_33_12.png,A
A/Galala_43_23.png,A
A/Galala_3_3.png,A
A/Tiba_26_20.png,A
A/Cairo_0_8.png,A
A/Tiba_31_23.png,A
A/Tiba_2_3.png,A
A/Galala_28_12.png,A
A/Galala_16_20.png,A
A/Tiba_13_5.png,A
A/Galala_32_8.png,A
A/Galala_10_0.png,A
A/Mansoura_13_18.png,A
A/Mansoura_22_2.png,A
A/Mansoura_5_25.png,A
A/Tiba_26_11.png,A
A/Galala_50_4.png,A
A/Mansoura_4_0.png,A
A/Galala_41_37.png,A
A/Galala_58_9.png,A
A/Galala_35_16.png,A
A/Mansoura_21_21.png,A
A/Tiba_22_10.png,A
A/Tiba_28_3.png,A
A/Mansoura_11_32.png,A
A/Mansoura_4_20.png,A
A/Galala_11_40.png,A
A/Cairo_6_29.png,A
A/Mansoura_19_7.png,A
A/Cairo_9_0.png,A
A/Tiba_6_30.png,A
A/Tiba_30_32.png,A
A/Galala_41_21.png,A
A/Mansoura_17_17.png,A
A/Tiba_24_17.png,A
A/Galala_28_41.png,A
A/Tiba_15_28.png,A
A/Galala_35_2.png,A
A/Tiba_20_7.png,A
A/Tiba_22_33.png,A
A/Mansoura_24_2.png,A
A/Galala_23_10.png,A
A/Galala_32_22.png,A
A/Galala_24_35.png,A
A/Galala_61_35.png,A
A/Mansoura_4_37.png,A
A/Mansoura_29_23.png,A
A/Mansoura_19_33.png,A
A/Tiba_28_10.png,A
A/Galala_58_28.png,A
A/Mansoura_1_19.png,A
A/Galala_3_49.png,A
A/Tiba_20_0.png,A
A/Galala_37_48.png,A
A/Mansoura_24_20.png,A
A/Galala_19_34.png,A
A/Mansoura_28_7.png,A
A/Galala_52_24.png,A
A/Galala_4_23.png,A
A/Tiba_27_17.png,A
A/Galala_5_17.png,A
A/Galala_28_19.png,A
A/Galala_51_26.png,A
A/Galala_17_12.png,A
A/Galala_1_40.png,A
A/Tiba_10_1.png,A
A/Galala_48_12.png,A
A/Galala_24_47.png,A
A/Galala_1_31.png,A
A/Cairo_7_5.png,A
A/Galala_44_38.png,A
A/Galala_33_26.png,A
A/Galala_50_47.png,A
A/Tiba_27_21.png,A
A/Cairo_4_2.png,A
A/Galala_19_28.png,A
A/Mansoura_29_16.png,A
A/Tiba_17_30.png,A
A/Galala_22_20.png,A
A/Mansoura_7_0.png,A
A/Galala_34_30.png,A
A/Tiba_24_34.png,A
A/Galala_41_16.png,A
A/Galala_15_49.png,A
A/Galala_48_35.png,A
A/Cairo_5_15.png,A
A/Galala_47_0.png,A
A/Galala_31_37.png,A
A/Galala_28_6.png,A
A/Cairo_0_25.png,A
A/Galala_27_28.png,A
A/Galala_60_29.png,A
A/Galala_56_45.png,A
A/Tiba_14_7.png,A
A/Tiba_6_0.png,A
A/Cairo_6_31.png,A
A/Mansoura_14_16.png,A
A/Mansoura_0_34.png,A
A/Mansoura_14_29.png,A
A/Galala_59_17.png,A
A/Galala_28_37.png,A
A/Mansoura_1_35.png,A
A/Galala_3_8.png,A
A/Galala_11_3.png,A
A/Tiba_9_25.png,A
A/Mansoura_13_4.png,A
A/Galala_42_7.png,A
A/Galala_2_7.png,A
A/Tiba_4_24.png,A
A/Galala_13_15.png,A
A/Galala_21_35.png,A
A/Galala_4_12.png,A
A/Galala_8_28.png,A
A/Galala_39_30.png,A
A/Tiba_25_22.png,A
A/Mansoura_18_36.png,A
A/Mansoura_17_22.png,A
A/Mansoura_9_32.png,A
A/Mansoura_9_6.png,A
A/Galala_26_36.png,A
A/Cairo_10_9.png,A
A/Mansoura_22_38.png,A
A/Mansoura_6_40.png,A
A/Tiba_1_33.png,A
A/Galala_56_15.png,A
A/Galala_52_31.png,A
A/Tiba_4_20.png,A
A/Galala_44_33.png,A
A/Mansoura_10_28.png,A
A/Galala_21_48.png,A
A/Galala_48_31.png,A
A/Tiba_6_22.png,A
A/Tiba_4_5.png,A
A/Tiba_18_27.png,A
A/Galala_12_44.png,A
A/Mansoura_20_27.png,A
A/Mansoura_25_4.png,A
A/Galala_16_19.png,A
A/Galala_3_50.png,A
A/Tiba_6_32.png,A
A/Tiba_23_23.png,A
A/Galala_35_43.png,A
A/Galala_31_34.png,A
A/Galala_29_30.png,A
A/Cairo_7_11.png,A
A/Tiba_23_2.png,A
A/Mansoura_9_16.png,A
A/Tiba_2_25.png,A
A/Mansoura_10_2.png,A
A/Galala_15_29.png,A
A/Galala_48_15.png,A
A/Cairo_10_31.png,A
A/Galala_40_40.png,A
A/Galala_58_25.png,A
A/Tiba_22_1.png,A
A/Tiba_12_6.png,A
A/Tiba_8_34.png,A
A/Mansoura_1_2.png,A
A/Tiba_31_0.png,A
A/Mansoura_9_22.png,A
A/Tiba_10_19.png,A
A/Galala_17_0.png,A
A/Galala_19_4.png,A
A/Galala_44_46.png,A
A/Galala_27_47.png,A
A/Tiba_19_19.png,A
A/Tiba_32_22.png,A
A/Tiba_19_2.png,A
A/Tiba_10_33.png,A
A/Tiba_5_34.png,A
A/Galala_31_0.png,A
A/Galala_30_24.png,A
A/Galala_17_21.png,A
A/Mansoura_13_1.png,A
A/Galala_5_39.png,A
A/Galala_15_26.png,A
A/Mansoura_4_29.png,A
A/Galala_11_44.png,A
A/Galala_4_22.png,A
A/Galala_30_34.png,A
A/Galala_55_18.png,A
A/Tiba_26_33.png,A
A/Mansoura_8_14.png,A
A/Galala_56_38.png,A
A/Galala_51_3.png,A
A/Galala_9_27.png,A
A/Galala_57_2.png,A
A/Galala_58_4.png,A
A/Galala_46_27.png,A
A/Mansoura_6_30.png,A
A/Galala_47_33.png,A
A/Mansoura_1_23.png,A
A/Mansoura_20_13.png,A
A/Galala_21_42.png,A
A/Mansoura_18_13.png,A
A/Cairo_0_20.png,A
A/Galala_26_2.png,A
A/Cairo_9_7.png,A
A/Galala_26_0.png,A
A/Galala_0_35.png,A
A/Galala_24_14.png,A
A/Mansoura_3_22.png,A
A/Tiba_4_22.png,A
A/Tiba_4_6.png,A
A/Galala_27_45.png,A
A/Galala_18_5.png,A
A/Cairo_8_23.png,A
A/Cairo_7_15.png,A
A/Mansoura_3_38.png,A
A/Mansoura_0_23.png,A
A/Mansoura_3_33.png,A
A/Galala_11_14.png,A
A/Galala_40_21.png,A
A/Tiba_16_30.png,A
A/Galala_58_49.png,A
A/Cairo_13_5.png,A
A/Cairo_3_8.png,A
A/Cairo_6_24.png,A
A/Galala_27_42.png,A
A/Galala_14_4.png,A
A/Tiba_32_9.png,A
A/Tiba_14_8.png,A
A/Galala_61_5.png,A
A/Cairo_12_0.png,A
A/Mansoura_17_25.png,A
A/Mansoura_3_19.png,A
A/Mansoura_5_22.png,A
A/Galala_25_19.png,A
A/Mansoura_12_12.png,A
A/Tiba_19_27.png,A
A/Galala_54_5.png,A
A/Galala_40_10.png,A
A/Cairo_5_14.png,A
A/Galala_2_17.png,A
A/Galala_58_11.png,A
A/Mansoura_24_16.png,A
A/Mansoura_29_12.png,A
A/Mansoura_6_7.png,A
A/Mansoura_27_13.png,A
A/Galala_57_44.png,A
A/Tiba_3_24.png,A
A/Mansoura_21_38.png,A
A/Galala_51_40.png,A
A/Galala_40_20.png,A
A/Mansoura_26_34.png,A
A/Cairo_9_26.png,A
A/Galala_24_2.png,A
A/Galala_23_12.png,A
A/Tiba_26_31.png,A
A/Galala_22_50.png,A
A/Tiba_1_31.png,A
A/Galala_25_36.png,A
A/Cairo_4_29.png,A
A/Mansoura_26_24.png,A
A/Mansoura_29_39.png,A
A/Mansoura_1_25.png,A
A/Galala_52_10.png,A
A/Galala_51_4.png,A
A/Galala_3_28.png,A
A/Galala_19_18.png,A
A/Galala_48_45.png,A
A/Cairo_15_17.png,A
A/Galala_48_11.png,A
A/Mansoura_20_29.png,A
A/Mansoura_3_7.png,A
A/Mansoura_11_22.png,A
A/Galala_29_31.png,A
A/Galala_6_44.png,A
A/Galala_34_10.png,A
A/Tiba_4_17.png,A
A/Galala_33_25.png,A
A/Galala_3_0.png,A
A/Galala_15_32.png,A
A/Tiba_2_27.png,A
A/Cairo_10_20.png,A
A/Tiba_8_1.png,A
A/Galala_21_36.png,A
A/Galala_54_6.png,A
A/Tiba_19_17.png,A
A/Tiba_18_32.png,A
A/Galala_32_14.png,A
A/Tiba_0_15.png,A
A/Cairo_3_2.png,A
A/Tiba_28_31.png,A
A/Tiba_20_6.png,A
A/Tiba_5_1.png,A
A/Galala_50_25.png,A
A/Mansoura_10_5.png,A
A/Tiba_8_33.png,A
A/Tiba_31_22.png,A
A/Galala_12_45.png,A
A/Galala_32_41.png,A
A/Galala_30_10.png,A
A/Galala_38_3.png,A
A/Mansoura_21_32.png,A
A/Galala_16_44.png,A
A/Mansoura_20_21.png,A
A/Galala_10_12.png,A
A/Galala_8_38.png,A
A/Galala_28_17.png,A
A/Tiba_9_22.png,A
A/Galala_3_15.png,A
A/Tiba_15_4.png,A
A/Cairo_1_31.png,A
A/Galala_55_19.png,A
A/Tiba_0_14.png,A
A/Galala_13_0.png,A
A/Tiba_7_26.png,A
A/Galala_56_23.png,A
A/Mansoura_24_1.png,A
A/Mansoura_1_14.png,A
A/Galala_2_12.png,A
A/Tiba_7_14.png,A
A/Tiba_6_5.png,A
A/Tiba_22_19.png,A
A/Galala_34_11.png,A
A/Mansoura_12_29.png,A
A/Galala_30_31.png,A
A/Cairo_3_17.png,A
A/Mansoura_6_4.png,A
A/Mansoura_8_21.png,A
A/Mansoura_7_12.png,A
A/Galala_55_24.png,A
A/Mansoura_3_28.png,A
A/Mansoura_0_11.png,A
A/Mansoura_26_10.png,A
A/Galala_24_34.png,A
A/Cairo_13_16.png,A
A/Galala_17_22.png,A
A/Galala_8_2.png,A
A/Mansoura_27_34.png,A
A/Galala_20_26.png,A
A/Tiba_20_26.png,A
A/Galala_25_23.png,A
A/Galala_24_42.png,A
A/Mansoura_16_20.png,A
A/Galala_19_23.png,A
A/Mansoura_5_26.png,A
A/Galala_54_25.png,A
A/Galala_14_34.png,A
A/Galala_47_16.png,A
A/Mansoura_8_24.png,A
A/Galala_52_36.png,A
A/Cairo_1_16.png,A
A/Mansoura_24_37.png,A
A/Mansoura_10_10.png,A
A/Mansoura_12_5.png,A
A/Galala_50_21.png,A
A/Tiba_24_27.png,A
A/Galala_49_44.png,A
A/Tiba_3_32.png,A
A/Tiba_13_33.png,A
A/Tiba_29_19.png,A
A/Galala_11_39.png,A
A/Tiba_2_18.png,A
A/Tiba_25_2.png,A
A/Galala_41_13.png,A
A/Cairo_12_23.png,A
A/Mansoura_12_20.png,A
A/Mansoura_21_5.png,A
A/Galala_46_14.png,A
A/Galala_12_3.png,A
A/Mansoura_20_33.png,A
A/Galala_8_43.png,A
A/Galala_7_46.png,A
A/Mansoura_15_3.png,A
A/Galala_23_29.png,A
A/Galala_38_30.png,A
A/Galala_57_18.png,A
A/Cairo_9_18.png,A
A/Tiba_18_14.png,A
A/Galala_31_36.png,A
A/Tiba_8_23.png,A
A/Galala_3_31.png,A
A/Tiba_2_33.png,A
A/Tiba_26_6.png,A
A/Tiba_25_14.png,A
A/Mansoura_10_4.png,A
A/Galala_4_38.png,A
A/Mansoura_17_5.png,A
A/Tiba_26_4.png,A
A/Mansoura_0_28.png,A
A/Galala_12_6.png,A
A/Mansoura_16_16.png,A
A/Galala_3_44.png,A
A/Mansoura_11_33.png,A
A/Cairo_14_6.png,A
A/Galala_20_11.png,A
A/Galala_55_28.png,A
A/Galala_18_0.png,A
A/Cairo_3_1.png,A
A/Galala_14_37.png,A
A/Cairo_4_13.png,A
A/Mansoura_12_26.png,A
A/Galala_48_29.png,A
A/Tiba_32_25.png,A
A/Galala_23_24.png,A
A/Mansoura_2_17.png,A
A/Galala_54_49.png,A
A/Galala_6_28.png,A
A/Mansoura_2_25.png,A
A/Galala_37_7.png,A
A/Cairo_2_22.png,A
A/Galala_36_30.png,A
A/Tiba_31_26.png,A
A/Mansoura_23_3.png,A
A/Galala_25_3.png,A
A/Cairo_3_29.png,A
A/Galala_0_41.png,A
A/Mansoura_16_29.png,A
A/Galala_30_1.png,A
A/Galala_29_40.png,A
A/Galala_19_46.png,A
A/Galala_21_25.png,A
A/Galala_60_32.png,A
A/Tiba_26_16.png,A
A/Mansoura_8_30.png,A
A/Tiba_3_9.png,A
A/Cairo_2_6.png,A
A/Mansoura_20_2.png,A
A/Galala_26_31.png,A
A/Galala_4_42.png,A
A/Tiba_5_14.png,A
A/Tiba_24_12.png,A
A/Mansoura_26_6.png,A
A/Mansoura_19_32.png,A
A/Cairo_7_21.png,A
A/Galala_37_38.png,A
A/Galala_44_1.png,A
A/Galala_35_0.png,A
A/Galala_20_49.png,A
A/Galala_24_17.png,A
A/Mansoura_1_9.png,A
A/Galala_21_45.png,A
A/Tiba_23_20.png,A
A/Galala_20_5.png,A
A/Galala_56_34.png,A
A/Galala_36_7.png,A
A/Tiba_20_34.png,A
A/Mansoura_11_15.png,A
A/Mansoura_19_15.png,A
A/Mansoura_19_2.png,A
A/Galala_49_50.png,A
A/Mansoura_20_10.png,A
A/Galala_45_15.png,A
A/Galala_35_3.png,A
A/Galala_15_16.png,A
A/Tiba_5_17.png,A
A/Tiba_29_0.png,A
A/Cairo_14_0.png,A
A/Galala_5_11.png,A
A/Galala_49_20.png,A
A/Galala_5_33.png,A
A/Mansoura_29_32.png,A
A/Galala_11_25.png,A
A/Galala_25_5.png,A
A/Galala_52_44.png,A
A/Galala_6_42.png,A
A/Galala_30_22.png,A
A/Galala_2_48.png,A
A/Galala_32_9.png,A
A/Galala_29_13.png,A
A/Mansoura_3_8.png,A
A/Galala_49_1.png,A
A/Mansoura_24_39.png,A
A/Mansoura_13_12.png,A
A/Mansoura_3_10.png,A
A/Cairo_14_15.png,A
A/Mansoura_24_24.png,A
A/Galala_14_42.png,A
A/Galala_41_4.png,A
A/Mansoura_29_36.png,A
A/Galala_5_6.png,A
A/Tiba_24_15.png,A
A/Mansoura_15_19.png,A
A/Tiba_24_10.png,A
A/Galala_55_10.png,A
A/Galala_38_29.png,A
A/Galala_44_49.png,A
A/Cairo_12_13.png,A
A/Tiba_0_1.png,A
A/Galala_61_25.png,A
A/Galala_25_43.png,A
A/Mansoura_19_1.png,A
A/Galala_58_41.png,A
A/Galala_18_7.png,A
A/Mansoura_6_1.png,A
A/Tiba_24_30.png,A
A/Tiba_4_18.png,A
A/Galala_13_17.png,A
A/Galala_20_4.png,A
A/Galala_4_47.png,A
A/Mansoura_2_12.png,A
A/Galala_38_25.png,A
A/Galala_46_26.png,A
A/Galala_49_31.png,A
A/Galala_26_19.png,A
A/Cairo_11_25.png,A
A/Galala_19_17.png,A
A/Cairo_4_9.png,A
A/Galala_23_44.png,A
A/Galala_14_9.png,A
A/Tiba_14_16.png,A
A/Galala_34_26.png,A
A/Galala_32_39.png,A
A/Galala_5_19.png,A
A/Mansoura_26_23.png,A
A/Mansoura_10_23.png,A
A/Galala_28_5.png,A
A/Galala_22_21.png,A
A/Cairo_13_15.png,A
A/Galala_21_3.png,A
A/Mansoura_16_2.png,A
A/Tiba_22_16.png,A
A/Galala_18_17.png,A
A/Galala_20_12.png,A
A/Galala_49_39.png,A
A/Galala_55_36.png,A
A/Galala_55_34.png,A
A/Tiba_9_0.png,A
A/Cairo_8_10.png,A
A/Galala_9_49.png,A
A/Mansoura_2_5.png,A
A/Galala_35_33.png,A
A/Galala_60_49.png,A
A/Galala_30_25.png,A
A/Cairo_4_10.png,A
A/Galala_11_36.png,A
A/Mansoura_24_26.png,A
A/Mansoura_22_30.png,A
A/Mansoura_24_15.png,A
A/Galala_49_35.png,A
A/Galala_61_14.png,A
A/Galala_9_12.png,A
A/Tiba_27_25.png,A
A/Galala_48_34.png,A
A/Mansoura_0_37.png,A
A/Galala_26_44.png,A
A/Tiba_0_17.png,A
A/Tiba_11_15.png,A
A/Galala_27_25.png,A
A/Tiba_14_29.png,A
A/Mansoura_10_3.png,A
A/Galala_45_24.png,A
A/Tiba_2_16.png,A
A/Galala_51_6.png,A
A/Mansoura_28_3.png,A
A/Galala_19_38.png,A
A/Galala_38_40.png,A
A/Galala_23_3.png,A
A/Tiba_17_7.png,A
A/Galala_30_17.png,A
A/Tiba_30_20.png,A
A/Galala_2_19.png,A
A/Tiba_3_2.png,A
A/Galala_44_18.png,A
A/Galala_4_46.png,A
A/Galala_26_35.png,A
A/Galala_37_14.png,A
A/Cairo_3_25.png,A
A/Tiba_1_9.png,A
A/Galala_27_36.png,A
A/Galala_38_5.png,A
A/Cairo_10_2.png,A
A/Mansoura_27_33.png,A
A/Galala_13_27.png,A
A/Mansoura_25_25.png,A
A/Galala_10_22.png,A
A/Galala_12_50.png,A
A/Galala_44_45.png,A
A/Galala_26_6.png,A
A/Galala_11_6.png,A
A/Tiba_3_3.png,A
A/Galala_34_3.png,A
A/Mansoura_21_20.png,A
A/Galala_11_27.png,A
A/Cairo_1_8.png,A
A/Mansoura_28_31.png,A
A/Galala_32_28.png,A
A/Tiba_26_18.png,A
A/Tiba_15_8.png,A
A/Galala_21_12.png,A
A/Tiba_5_6.png,A
A/Tiba_19_18.png,A
A/Mansoura_14_39.png,A
A/Mansoura_13_23.png,A
A/Tiba_21_25.png,A
A/Tiba_8_14.png,A
A/Tiba_29_6.png,A
A/Galala_51_42.png,A
A/Galala_13_21.png,A
A/Mansoura_0_31.png,A
A/Tiba_17_4.png,A
A/Mansoura_20_22.png,A
A/Cairo_3_0.png,A
A/Galala_8_33.png,A
A/Galala_42_10.png,A
A/Galala_23_22.png,A
A/Tiba_27_34.png,A
A/Cairo_11_13.png,A
A/Galala_28_3.png,A
A/Mansoura_28_24.png,A
A/Mansoura_4_1.png,A
A/Tiba_7_31.png,A
A/Cairo_5_28.png,A
A/Tiba_13_17.png,A
A/Galala_7_31.png,A
A/Galala_17_48.png,A
A/Galala_49_29.png,A
A/Mansoura_3_4.png,A
A/Galala_51_37.png,A
A/Cairo_7_27.png,A
A/Mansoura_0_7.png,A
A/Cairo_10_15.png,A
A/Mansoura_14_36.png,A
A/Galala_1_14.png,A
A/Galala_29_3.png,A
A/Mansoura_8_4.png,A
A/Galala_54_17.png,A
A/Tiba_12_0.png,A
A/Galala_53_34.png,A
A/Tiba_8_27.png,A
A/Mansoura_9_5.png,A
A/Mansoura_26_25.png,A
A/Galala_17_20.png,A
A/Tiba_22_21.png,A
A/Cairo_6_14.png,A
A/Galala_53_36.png,A
A/Galala_40_36.png,A
A/Galala_42_50.png,A
A/Tiba_31_12.png,A
A/Galala_3_48.png,A
A/Cairo_11_10.png,A
A/Cairo_6_30.png,A
A/Galala_38_21.png,A
A/Galala_13_28.png,A
A/Galala_34_31.png,A
A/Galala_44_9.png,A
A/Galala_58_43.png,A
A/Mansoura_12_30.png,A
A/Tiba_12_1.png,A
A/Cairo_7_17.png,A
A/Mansoura_20_19.png,A
A/Galala_43_4.png,A
A/Galala_2_26.png,A
A/Galala_27_14.png,A
A/Galala_61_32.png,A
A/Tiba_11_28.png,A
A/Galala_22_35.png,A
A/Mansoura_14_22.png,A
A/Tiba_18_6.png,A
A/Galala_51_8.png,A
A/Mansoura_11_0.png,A
A/Tiba_5_7.png,A
A/Galala_31_45.png,A
A/Cairo_5_33.png,A
A/Cairo_8_26.png,A
A/Cairo_11_7.png,A
A/Tiba_7_13.png,A
A/Tiba_9_21.png,A
A/Tiba_24_26.png,A
A/Galala_45_8.png,A
A/Cairo_5_11.png,A
A/Mansoura_0_36.png,A
A/Galala_44_11.png,A
A/Galala_29_47.png,A
A/Tiba_28_33.png,A
A/Galala_61_16.png,A
A/Mansoura_26_0.png,A
A/Galala_16_22.png,A
A/Mansoura_21_10.png,A
A/Mansoura_25_7.png,A
A/Mansoura_25_39.png,A
A/Galala_9_24.png,A
A/Galala_18_21.png,A
A/Tiba_23_30.png,A
A/Cairo_3_23.png,A
A/Galala_29_28.png,A
A/Tiba_1_13.png,A
A/Cairo_10_30.png,A
A/Galala_43_7.png,A
A/Galala_20_41.png,A
A/Galala_35_27.png,A
A/Galala_23_43.png,A
A/Galala_0_45.png,A
A/Tiba_24_3.png,A
A/Galala_21_26.png,A
A/Galala_1_36.png,A
A/Mansoura_7_30.png,A
A/Galala_27_23.png,A
A/Galala_37_18.png,A
A/Tiba_6_13.png,A
A/Tiba_9_33.png,A
A/Galala_2_13.png,A
A/Mansoura_5_9.png,A
A/Galala_7_3.png,A
A/Mansoura_18_12.png,A
A/Mansoura_22_15.png,A
A/Galala_54_12.png,A
A/Cairo_9_21.png,A
A/Galala_8_12.png,A
A/Mansoura_28_23.png,A
A/Galala_5_32.png,A
A/Galala_29_16.png,A
A/Galala_5_50.png,A
A/Galala_17_33.png,A
A/Galala_57_42.png,A
A/Galala_52_32.png,A
A/Galala_0_11.png,A
A/Galala_18_12.png,A
A/Cairo_13_30.png,A
A/Tiba_15_27.png,A
A/Tiba_14_13.png,A
A/Tiba_6_24.png,A
A/Mansoura_17_23.png,A
A/Galala_57_30.png,A
A/Cairo_11_11.png,A
A/Tiba_2_28.png,A
A/Mansoura_23_32.png,A
A/Galala_38_2.png,A
A/Tiba_10_11.png,A
A/Tiba_16_4.png,A
A/Tiba_7_34.png,A
A/Cairo_1_28.png,A
A/Galala_32_15.png,A
A/Cairo_0_19.png,A
A/Mansoura_27_7.png,A
A/Tiba_8_9.png,A
A/Galala_43_2.png,A
A/Mansoura_10_34.png,A
A/Galala_33_1.png,A
A/Galala_48_19.png,A
A/Galala_10_7.png,A
A/Galala_9_39.png,A
A/Galala_14_0.png,A
A/Galala_13_11.png,A
A/Galala_48_46.png,A
A/Tiba_8_4.png,A
A/Tiba_20_1.png,A
A/Galala_38_6.png,A
A/Mansoura_16_23.png,A
A/Galala_31_9.png,A
A/Mansoura_12_2.png,A
A/Galala_11_43.png,A
A/Galala_20_35.png,A
A/Tiba_30_34.png,A
A/Galala_18_33.png,A
A/Mansoura_18_31.png,A
A/Galala_17_30.png,A
A/Tiba_13_32.png,A
A/Cairo_15_0.png,A
A/Galala_43_13.png,A
A/Tiba_10_26.png,A
A/Tiba_0_8.png,A
A/Mansoura_16_10.png,A
A/Galala_12_17.png,A
A/Galala_60_27.png,A
A/Galala_49_21.png,A
A/Galala_28_23.png,A
A/Galala_0_15.png,A
A/Galala_48_25.png,A
A/Tiba_13_15.png,A
A/Tiba_18_34.png,A
A/Tiba_0_24.png,A
A/Galala_13_9.png,A
A/Galala_13_43.png,A
A/Galala_2_2.png,A
A/Galala_30_28.png,A
A/Mansoura_15_6.png,A
A/Galala_26_13.png,A
A/Galala_46_4.png,A
A/Galala_23_11.png,A
A/Mansoura_24_12.png,A
A/Galala_18_31.png,A
A/Mansoura_25_24.png,A
A/Galala_61_12.png,A
A/Galala_41_39.png,A
A/Galala_15_35.png,A
A/Galala_49_37.png,A
A/Galala_30_45.png,A
A/Mansoura_11_27.png,A
A/Galala_60_37.png,A
A/Galala_46_11.png,A
A/Galala_48_3.png,A
A/Galala_54_15.png,A
A/Galala_40_47.png,A
A/Tiba_20_4.png,A
A/Galala_39_31.png,A
A/Tiba_5_11.png,A
A/Cairo_4_22.png,A
A/Cairo_11_2.png,A
A/Cairo_5_18.png,A
A/Mansoura_0_9.png,A
A/Galala_3_17.png,A
A/Mansoura_29_24.png,A
A/Mansoura_12_6.png,A
A/Galala_52_34.png,A
A/Tiba_15_5.png,A
A/Tiba_30_25.png,A
A/Galala_55_48.png,A
A/Cairo_12_8.png,A
A/Mansoura_26_35.png,A
A/Galala_24_25.png,A
A/Galala_53_49.png,A
A/Mansoura_25_34.png,A
A/Galala_60_47.png,A
A/Galala_10_47.png,A
A/Galala_22_37.png,A
A/Galala_35_35.png,A
A/Galala_28_38.png,A
A/Galala_56_0.png,A
A/Galala_51_34.png,A
A/Galala_6_13.png,A
A/Galala_17_35.png,A
A/Galala_38_9.png,A
A/Galala_20_44.png,A
A/Galala_12_16.png,A
A/Mansoura_21_26.png,A
A/Galala_25_22.png,A
A/Galala_53_17.png,A
A/Galala_51_50.png,A
A/Mansoura_18_1.png,A
A/Galala_27_4.png,A
A/Mansoura_17_38.png,A
A/Tiba_11_2.png,A
A/Cairo_6_19.png,A
A/Galala_8_14.png,A
A/Galala_30_29.png,A
A/Mansoura_18_7.png,A
A/Mansoura_21_35.png,A
A/Galala_22_28.png,A
A/Galala_13_10.png,A
A/Mansoura_13_27.png,A
A/Galala_14_15.png,A
A/Tiba_16_33.png,A
A/Tiba_18_23.png,A
A/Tiba_11_10.png,A
A/Galala_14_38.png,A
A/Galala_25_38.png,A
A/Galala_38_7.png,A
A/Cairo_11_1.png,A
A/Galala_31_21.png,A
A/Cairo_4_11.png,A
A/Mansoura_24_29.png,A
A/Galala_43_15.png,A
A/Mansoura_25_37.png,A
A/Tiba_17_34.png,A
A/Mansoura_2_14.png,A
A/Galala_6_41.png,A
A/Tiba_28_24.png,A
A/Mansoura_23_33.png,A
A/Cairo_4_30.png,A
A/Mansoura_19_38.png,A
A/Mansoura_0_40.png,A
A/Tiba_26_24.png,A
A/Galala_1_15.png,A
A/Tiba_17_33.png,A
A/Mansoura_4_2.png,A
A/Tiba_9_10.png,A
A/Tiba_15_23.png,A
A/Galala_13_12.png,A
A/Galala_44_24.png,A
A/Galala_25_20.png,A
A/Galala_33_22.png,A
A/Galala_26_1.png,A
A/Tiba_29_8.png,A
A/Galala_32_23.png,A
A/Mansoura_29_0.png,A
A/Galala_12_39.png,A
A/Galala_0_26.png,A
A/Galala_33_17.png,A
A/Tiba_18_3.png,A
A/Galala_43_43.png,A
A/Mansoura_11_37.png,A
A/Mansoura_4_3.png,A
A/Tiba_16_29.png,A
A/Mansoura_12_15.png,A
A/Galala_42_35.png,A
A/Galala_5_45.png,A
A/Mansoura_10_37.png,A
A/Tiba_11_6.png,A
A/Tiba_18_18.png,A
A/Tiba_12_32.png,A
A/Mansoura_12_13.png,A
A/Galala_43_33.png,A
A/Tiba_2_4.png,A
A/Mansoura_3_24.png,A
A/Tiba_12_27.png,A
A/Mansoura_5_12.png,A
A/Tiba_3_33.png,A
A/Mansoura_16_3.png,A
A/Mansoura_1_32.png,A
A/Galala_38_41.png,A
A/Galala_27_12.png,A
A/Tiba_28_18.png,A
A/Galala_50_35.png,A
A/Tiba_32_1.png,A
A/Galala_34_5.png,A
A/Mansoura_27_17.png,A
A/Galala_42_22.png,A
A/Galala_54_26.png,A
A/Galala_17_45.png,A
A/Cairo_13_24.png,A
A/Mansoura_7_16.png,A
A/Tiba_5_13.png,A
A/Tiba_11_12.png,A
A/Galala_48_2.png,A
A/Galala_21_4.png,A
A/Tiba_30_24.png,A
A/Tiba_2_34.png,A
A/Mansoura_25_27.png,A
A/Mansoura_20_6.png,A
A/Tiba_3_12.png,A
A/Galala_49_22.png,A
A/Cairo_7_7.png,A
A/Mansoura_16_37.png,A
A/Mansoura_20_25.png,A
A/Tiba_28_19.png,A
A/Galala_56_40.png,A
A/Galala_27_19.png,A
A/Cairo_0_13.png,A
A/Galala_13_16.png,A
A/Galala_39_37.png,A
A/Tiba_6_1.png,A
A/Galala_44_31.png,A
A/Galala_10_4.png,A
A/Tiba_15_10.png,A
A/Mansoura_12_16.png,A
A/Tiba_14_27.png,A
A/Mansoura_10_18.png,A
A/Galala_2_28.png,A
A/Galala_31_44.png,A
A/Galala_41_15.png,A
A/Mansoura_17_2.png,A
A/Galala_44_23.png,A
A/Galala_57_46.png,A
A/Tiba_28_13.png,A
A/Tiba_15_20.png,A
A/Galala_46_38.png,A
A/Galala_50_16.png,A
A/Galala_53_13.png,A
A/Galala_45_29.png,A
A/Mansoura_28_0.png,A
A/Cairo_5_26.png,A
A/Mansoura_1_36.png,A
A/Mansoura_22_19.png,A
A/Galala_21_33.png,A
A/Tiba_14_15.png,A
A/Tiba_22_0.png,A
A/Mansoura_22_18.png,A
A/Galala_52_6.png,A
A/Galala_21_29.png,A
A/Galala_18_16.png,A
A/Tiba_14_30.png,A
A/Cairo_10_29.png,A
A/Galala_2_6.png,A
A/Tiba_32_33.png,A
A/Galala_40_42.png,A
A/Tiba_29_15.png,A
A/Galala_36_2.png,A
A/Galala_24_13.png,A
A/Galala_49_41.png,A
A/Mansoura_8_38.png,A
A/Galala_44_10.png,A
A/Tiba_0_12.png,A
A/Mansoura_0_10.png,A
A/Galala_54_42.png,A
A/Galala_4_37.png,A
A/Mansoura_3_30.png,A
A/Mansoura_3_35.png,A
A/Galala_42_1.png,A
A/Mansoura_21_30.png,A
A/Galala_36_0.png,A
A/Cairo_12_11.png,A
A/Cairo_6_18.png,A
A/Galala_26_10.png,A
A/Mansoura_6_31.png,A
A/Cairo_13_1.png,A
A/Cairo_11_5.png,A
A/Cairo_0_5.png,A
A/Galala_10_1.png,A
A/Tiba_19_21.png,A
A/Cairo_2_0.png,A
A/Mansoura_26_31.png,A
A/Cairo_8_27.png,A
A/Mansoura_25_15.png,A
A/Galala_39_22.png,A
A/Galala_47_34.png,A
A/Tiba_23_26.png,A
A/Galala_51_29.png,A
A/Tiba_31_32.png,A
A/Galala_59_29.png,A
A/Mansoura_6_3.png,A
A/Galala_3_5.png,A
A/Mansoura_28_38.png,A
A/Galala_5_36.png,A
A/Tiba_11_27.png,A
A/Mansoura_25_19.png,A
A/Galala_24_49.png,A
A/Tiba_29_24.png,A
A/Galala_9_42.png,A
A/Galala_49_49.png,A
A/Tiba_16_11.png,A
A/Mansoura_21_31.png,A
A/Galala_44_21.png,A
A/Galala_33_4.png,A
A/Mansoura_3_9.png,A
A/Galala_7_16.png,A
A/Galala_23_36.png,A
A/Tiba_8_32.png,A
A/Galala_17_23.png,A
A/Galala_21_34.png,A
A/Galala_16_43.png,A
A/Cairo_0_10.png,A
A/Tiba_22_20.png,A
A/Mansoura_7_20.png,A
A/Galala_24_15.png,A
A/Galala_42_46.png,A
A/Mansoura_15_13.png,A
A/Mansoura_15_10.png,A
A/Mansoura_12_3.png,A
A/Tiba_5_2.png,A
A/Mansoura_3_21.png,A
A/Galala_13_45.png,A
A/Mansoura_5_20.png,A
A/Tiba_2_30.png,A
A/Tiba_22_11.png,A
A/Galala_2_15.png,A
A/Galala_58_14.png,A
A/Tiba_23_24.png,A
A/Galala_6_25.png,A
A/Mansoura_21_23.png,A
A/Mansoura_19_8.png,A
A/Galala_34_14.png,A
A/Galala_2_3.png,A
A/Galala_32_35.png,A
A/Galala_55_49.png,A
A/Mansoura_25_31.png,A
A/Galala_24_27.png,A
A/Mansoura_9_26.png,A
A/Galala_53_23.png,A
A/Galala_13_37.png,A
A/Galala_22_43.png,A
A/Galala_6_37.png,A
A/Galala_7_32.png,A
A/Tiba_12_3.png,A
A/Galala_32_31.png,A
A/Mansoura_1_0.png,A
A/Galala_48_49.png,A
A/Galala_49_15.png,A
A/Galala_57_17.png,A
A/Tiba_18_9.png,A
A/Galala_25_37.png,A
A/Cairo_6_9.png,A
A/Tiba_2_32.png,A
A/Galala_11_22.png,A
A/Cairo_5_1.png,A
A/Galala_7_0.png,A
A/Cairo_1_13.png,A
A/Galala_6_38.png,A
A/Tiba_28_6.png,A
A/Galala_4_8.png,A
A/Mansoura_13_33.png,A
A/Galala_43_46.png,A
A/Tiba_28_4.png,A
A/Galala_22_48.png,A
A/Galala_43_26.png,A
A/Tiba_25_26.png,A
A/Cairo_11_32.png,A
A/Mansoura_16_25.png,A
A/Cairo_1_25.png,A
A/Mansoura_20_8.png,A
A/Galala_11_12.png,A
A/Galala_27_1.png,A
A/Galala_32_37.png,A
A/Galala_26_29.png,A
A/Galala_43_1.png,A
A/Galala_59_33.png,A
A/Galala_16_34.png,A
A/Cairo_14_12.png,A
A/Galala_56_10.png,A
A/Galala_6_19.png,A
A/Galala_36_45.png,A
A/Galala_51_28.png,A
A/Galala_11_45.png,A
A/Cairo_15_14.png,A
A/Galala_57_27.png,A
A/Galala_16_10.png,A
A/Tiba_16_27.png,A
A/Galala_28_46.png,A
A/Galala_51_5.png,A
A/Galala_2_34.png,A
A/Tiba_3_31.png,A
A/Galala_49_3.png,A
A/Galala_61_37.png,A
A/Galala_19_49.png,A
A/Tiba_11_9.png,A
A/Mansoura_13_37.png,A
A/Galala_40_14.png,A
A/Tiba_29_26.png,A
A/Cairo_10_24.png,A
A/Cairo_7_14.png,A
A/Galala_33_33.png,A
A/Galala_12_38.png,A
A/Tiba_10_34.png,A
A/Mansoura_7_27.png,A
A/Mansoura_14_28.png,A
A/Tiba_12_28.png,A
A/Mansoura_27_25.png,A
A/Galala_35_46.png,A
A/Mansoura_9_13.png,A
A/Galala_56_48.png,A
A/Tiba_21_9.png,A
A/Galala_0_21.png,A
A/Mansoura_1_31.png,A
A/Mansoura_4_18.png,A
A/Cairo_0_14.png,A
A/Cairo_3_30.png,A
A/Galala_32_2.png,A
A/Galala_50_41.png,A
A/Galala_26_21.png,A
A/Tiba_3_17.png,A
A/Mansoura_6_38.png,A
A/Mansoura_22_12.png,A
A/Tiba_7_8.png,A
A/Tiba_4_32.png,A
A/Galala_50_18.png,A
A/Galala_15_8.png,A
A/Mansoura_14_26.png,A
A/Galala_22_26.png,A
A/Cairo_15_29.png,A
A/Mansoura_3_26.png,A
A/Galala_50_45.png,A
A/Tiba_1_6.png,A
A/Galala_45_30.png,A
A/Galala_57_34.png,A
A/Galala_61_44.png,A
A/Cairo_1_33.png,A
A/Galala_1_34.png,A
A/Galala_58_16.png,A
A/Galala_13_6.png,A
A/Galala_40_22.png,A
A/Galala_41_3.png,A
A/Cairo_12_21.png,A
A/Galala_9_50.png,A
A/Galala_39_17.png,A
A/Tiba_21_3.png,A
A/Mansoura_29_9.png,A
A/Tiba_12_33.png,A
A/Galala_9_44.png,A
A/Galala_41_32.png,A
A/Tiba_1_34.png,A
A/Galala_29_11.png,A
A/Galala_60_48.png,A
A/Tiba_3_7.png,A
A/Mansoura_15_26.png,A
A/Galala_60_38.png,A
A/Mansoura_4_19.png,A
A/Tiba_29_12.png,A
A/Galala_45_19.png,A
A/Galala_20_0.png,A
A/Tiba_16_14.png,A
A/Galala_35_39.png,A
A/Tiba_15_29.png,A
A/Galala_0_38.png,A
A/Cairo_5_5.png,A
A/Mansoura_23_29.png,A
A/Tiba_17_23.png,A
A/Galala_2_23.png,A
A/Galala_7_8.png,A
A/Galala_55_50.png,A
A/Cairo_14_31.png,A
A/Galala_36_17.png,A
A/Galala_38_36.png,A
A/Tiba_2_29.png,A
A/Cairo_1_27.png,A
A/Galala_4_33.png,A
A/Galala_38_8.png,A
A/Galala_22_16.png,A
A/Mansoura_29_30.png,A
A/Galala_16_46.png,A
A/Galala_48_39.png,A
A/Tiba_26_5.png,A
A/Galala_8_20.png,A
A/Galala_42_17.png,A
A/Galala_57_1.png,A
A/Galala_49_23.png,A
A/Mansoura_4_7.png,A
A/Galala_23_45.png,A
A/Tiba_6_21.png,A
A/Tiba_19_6.png,A
A/Mansoura_18_19.png,A
A/Galala_9_13.png,A
A/Mansoura_19_21.png,A
A/Galala_5_4.png,A
A/Tiba_0_13.png,A
A/Tiba_5_32.png,A
A/Tiba_4_14.png,A
A/Galala_33_30.png,A
A/Galala_5_1.png,A
A/Tiba_6_27.png,A
A/Galala_0_30.png,A
A/Cairo_3_21.png,A
A/Galala_28_47.png,A
A/Galala_29_36.png,A
A/Galala_15_11.png,A
A/Galala_4_9.png,A
A/Mansoura_17_28.png,A
A/Galala_53_7.png,A
A/Mansoura_24_23.png,A
A/Galala_56_9.png,A
A/Mansoura_25_10.png,A
A/Tiba_2_19.png,A
A/Mansoura_16_6.png,A
A/Cairo_13_8.png,A
A/Galala_45_17.png,A
A/Galala_60_20.png,A
A/Galala_49_40.png,A
A/Tiba_31_18.png,A
A/Galala_55_13.png,A
A/Galala_9_32.png,A
A/Tiba_28_26.png,A
A/Galala_7_37.png,A
A/Galala_3_12.png,A
A/Mansoura_1_26.png,A
A/Galala_19_33.png,A
A/Mansoura_6_8.png,A
A/Galala_37_17.png,A
A/Galala_40_48.png,A
A/Tiba_3_29.png,A
A/Mansoura_17_18.png,A
A/Tiba_3_8.png,A
A/Tiba_24_2.png,A
A/Cairo_7_9.png,A
A/Galala_18_1.png,A
A/Galala_16_8.png,A
A/Tiba_1_19.png,A
A/Tiba_14_2.png,A
A/Galala_17_46.png,A
A/Galala_21_39.png,A
A/Galala_50_26.png,A
A/Cairo_1_3.png,A
A/Mansoura_22_36.png,A
A/Galala_8_27.png,A
A/Galala_18_11.png,A
A/Galala_20_31.png,A
A/Mansoura_4_5.png,A
A/Tiba_11_14.png,A
A/Galala_58_19.png,A
A/Mansoura_6_21.png,A
A/Mansoura_14_4.png,A
A/Mansoura_1_8.png,A
A/Mansoura_5_32.png,A
A/Mansoura_1_1.png,A
A/Mansoura_17_7.png,A
A/Galala_42_38.png,A
A/Tiba_2_21.png,A
A/Galala_7_15.png,A
A/Tiba_1_23.png,A
A/Mansoura_27_31.png,A
A/Galala_46_0.png,A
A/Tiba_30_13.png,A
A/Mansoura_13_40.png,A
A/Galala_47_20.png,A
A/Galala_31_39.png,A
A/Galala_53_33.png,A
A/Galala_56_18.png,A
A/Galala_13_18.png,A
A/Galala_38_45.png,A
A/Tiba_17_6.png,A
A/Galala_60_42.png,A
A/Galala_24_18.png,A
A/Tiba_29_14.png,A
A/Galala_56_7.png,A
A/Tiba_18_21.png,A
A/Galala_46_9.png,A
A/Galala_40_38.png,A
A/Galala_38_33.png,A
A/Galala_42_31.png,A
A/Galala_5_27.png,A
A/Mansoura_1_3.png,A
A/Mansoura_8_1.png,A
A/Galala_28_24.png,A
A/Galala_42_25.png,A
A/Cairo_11_12.png,A
A/Galala_2_38.png,A
A/Tiba_21_26.png,A
A/Tiba_20_24.png,A
A/Galala_29_7.png,A
A/Mansoura_16_18.png,A
A/Galala_56_4.png,A
A/Galala_6_30.png,A
A/Galala_50_24.png,A
A/Galala_36_27.png,A
A/Galala_39_38.png,A
A/Tiba_12_2.png,A
A/Galala_61_46.png,A
A/Tiba_7_15.png,A
A/Mansoura_10_33.png,A
A/Galala_6_16.png,A
A/Galala_12_41.png,A
A/Galala_59_18.png,A
A/Galala_57_38.png,A
A/Galala_45_46.png,A
A/Cairo_13_29.png,A
A/Galala_43_38.png,A
A/Mansoura_11_4.png,A
A/Galala_58_13.png,A
A/Tiba_13_14.png,A
A/Tiba_9_6.png,A
A/Galala_55_17.png,A
A/Mansoura_5_24.png,A
A/Cairo_10_18.png,A
A/Tiba_9_1.png,A
A/Galala_23_46.png,A
A/Galala_59_1.png,A
A/Galala_40_6.png,A
A/Galala_0_1.png,A
A/Tiba_31_6.png,A
A/Cairo_6_15.png,A
A/Tiba_30_23.png,A
A/Galala_38_49.png,A
A/Cairo_5_4.png,A
A/Cairo_14_23.png,A
A/Galala_31_13.png,A
A/Galala_15_12.png,A
A/Mansoura_20_7.png,A
A/Mansoura_1_22.png,A
A/Galala_14_27.png,A
A/Galala_43_12.png,A
A/Galala_59_48.png,A
A/Mansoura_20_1.png,A
A/Tiba_20_11.png,A
A/Galala_59_21.png,A
A/Galala_9_0.png,A
A/Tiba_17_25.png,A
A/Galala_50_13.png,A
A/Galala_53_15.png,A
A/Mansoura_4_12.png,A
A/Galala_25_28.png,A
A/Galala_30_5.png,A
A/Tiba_3_4.png,A
A/Galala_1_37.png,A
A/Mansoura_10_22.png,A
A/Galala_50_33.png,A
A/Mansoura_8_9.png,A
A/Galala_44_41.png,A
A/Galala_32_49.png,A
A/Tiba_23_12.png,A
A/Galala_40_25.png,A
A/Galala_44_13.png,A
A/Tiba_1_4.png,A
A/Galala_50_50.png,A
A/Cairo_9_8.png,A
A/Tiba_31_19.png,A
A/Galala_6_49.png,A
A/Galala_49_46.png,A
A/Cairo_13_18.png,A
A/Galala_31_41.png,A
A/Galala_25_26.png,A
A/Galala_35_9.png,A
A/Tiba_12_18.png,A
A/Cairo_12_33.png,A
A/Cairo_12_26.png,A
A/Mansoura_2_24.png,A
A/Tiba_14_33.png,A
A/Cairo_1_5.png,A
A/Tiba_21_34.png,A
A/Galala_60_44.png,A
A/Tiba_3_30.png,A
A/Tiba_23_21.png,A
A/Cairo_15_18.png,A
A/Galala_16_29.png,A
A/Tiba_26_23.png,A
A/Cairo_11_17.png,A
A/Galala_15_2.png,A
A/Tiba_29_21.png,A
A/Mansoura_20_12.png,A
A/Galala_0_25.png,A
A/Tiba_5_24.png,A
A/Galala_52_8.png,A
A/Galala_13_23.png,A
A/Galala_8_29.png,A
A/Galala_41_2.png,A
A/Galala_10_45.png,A
A/Galala_36_29.png,A
A/Galala_33_0.png,A
A/Tiba_16_9.png,A
A/Tiba_2_31.png,A
A/Cairo_9_5.png,A
A/Galala_48_9.png,A
A/Galala_12_49.png,A
A/Galala_4_1.png,A
A/Mansoura_8_6.png,A
A/Galala_36_20.png,A
A/Galala_11_9.png,A
A/Tiba_26_7.png,A
A/Galala_22_18.png,A
A/Galala_6_48.png,A
A/Galala_32_32.png,A
A/Tiba_28_5.png,A
A/Galala_17_42.png,A
A/Mansoura_23_22.png,A
A/Tiba_10_14.png,A
A/Galala_35_44.png,A
A/Galala_10_44.png,A
A/Galala_51_45.png,A
A/Galala_28_14.png,A
A/Galala_59_2.png,A
A/Galala_3_21.png,A
A/Mansoura_21_36.png,A
A/Cairo_14_10.png,A
A/Tiba_7_6.png,A
A/Galala_29_42.png,A
A/Galala_9_45.png,A
A/Cairo_14_7.png,A
A/Galala_25_39.png,A
A/Galala_60_46.png,A
A/Galala_9_8.png,A
A/Cairo_6_13.png,A
A/Galala_47_2.png,A
A/Cairo_3_22.png,A
A/Tiba_20_5.png,A
A/Galala_55_5.png,A
A/Galala_6_17.png,A
A/Galala_43_48.png,A
A/Galala_10_21.png,A
A/Mansoura_8_16.png,A
A/Galala_5_0.png,A
A/Galala_59_15.png,A
A/Mansoura_26_3.png,A
A/Mansoura_4_27.png,A
A/Galala_28_40.png,A
A/Cairo_3_3.png,A
A/Galala_42_48.png,A
A/Galala_31_17.png,A
A/Mansoura_20_32.png,A
A/Galala_8_49.png,A
A/Galala_10_26.png,A
A/Galala_46_2.png,A
A/Cairo_15_19.png,A
A/Galala_55_1.png,A
A/Tiba_0_21.png,A
A/Mansoura_4_4.png,A
A/Galala_55_29.png,A
A/Tiba_10_31.png,A
A/Galala_39_6.png,A
A/Galala_31_46.png,A
A/Galala_52_28.png,A
A/Tiba_21_2.png,A
A/Tiba_16_13.png,A
A/Mansoura_26_19.png,A
A/Mansoura_18_8.png,A
A/Tiba_27_16.png,A
A/Galala_21_37.png,A
A/Mansoura_13_11.png,A
A/Galala_52_40.png,A
A/Galala_48_26.png,A
A/Galala_7_23.png,A
A/Galala_40_44.png,A
A/Galala_49_38.png,A
A/Galala_56_32.png,A
A/Tiba_1_5.png,A
A/Galala_5_2.png,A
A/Mansoura_24_19.png,A
A/Galala_4_24.png,A
A/Galala_12_12.png,A
A/Tiba_18_16.png,A
A/Galala_34_13.png,A
A/Galala_54_28.png,A
A/Galala_15_9.png,A
A/Galala_3_45.png,A
A/Tiba_31_20.png,A
A/Galala_60_3.png,A
A/Cairo_5_12.png,A
A/Mansoura_28_34.png,A
A/Galala_16_48.png,A
A/Tiba_19_22.png,A
A/Tiba_27_23.png,A
A/Galala_21_5.png,A
A/Tiba_1_18.png,A
A/Mansoura_4_13.png,A
A/Galala_48_27.png,A
A/Tiba_14_23.png,A
A/Galala_40_31.png,A
A/Galala_58_50.png,A
A/Galala_58_36.png,A
A/Galala_38_37.png,A
A/Galala_2_5.png,A
A/Galala_27_3.png,A
A/Galala_0_23.png,A
A/Galala_24_10.png,A
A/Tiba_30_4.png,A
A/Tiba_11_13.png,A
A/Galala_49_12.png,A
A/Mansoura_29_19.png,A
A/Mansoura_2_20.png,A
A/Cairo_11_0.png,A
A/Tiba_7_11.png,A
A/Galala_40_32.png,A
A/Mansoura_17_30.png,A
A/Tiba_32_10.png,A
A/Cairo_14_33.png,A
A/Mansoura_6_13.png,A
A/Tiba_9_34.png,A
A/Cairo_15_7.png,A
A/Cairo_9_23.png,A
A/Tiba_29_31.png,A
A/Galala_15_45.png,A
A/Galala_52_17.png,A
A/Galala_48_0.png,A
A/Tiba_23_33.png,A
A/Cairo_2_4.png,A
A/Mansoura_13_21.png,A
A/Cairo_6_3.png,A
A/Galala_10_28.png,A
A/Galala_44_20.png,A
A/Galala_25_48.png,A
A/Galala_49_8.png,A
A/Galala_39_3.png,A
A/Tiba_18_15.png,A
A/Galala_13_25.png,A
A/Cairo_12_7.png,A
A/Tiba_10_12.png,A
A/Galala_4_10.png,A
A/Galala_39_5.png,A
A/Galala_54_16.png,A
A/Galala_60_17.png,A
A/Cairo_8_30.png,A
A/Mansoura_21_28.png,A
A/Galala_13_20.png,A
A/Tiba_10_17.png,A
A/Galala_33_31.png,A
A/Galala_27_7.png,A
A/Tiba_9_7.png,A
A/Cairo_6_16.png,A
A/Galala_16_26.png,A
A/Mansoura_14_13.png,A
A/Galala_59_44.png,A
A/Mansoura_12_10.png,A
A/Galala_3_41.png,A
A/Galala_61_27.png,A
A/Galala_8_39.png,A
A/Mansoura_27_5.png,A
A/Galala_25_10.png,A
A/Galala_1_43.png,A
A/Cairo_3_6.png,A
A/Galala_27_38.png,A
A/Galala_29_14.png,A
A/Mansoura_27_40.png,A
A/Galala_11_31.png,A
A/Tiba_17_14.png,A
A/Galala_31_42.png,A
A/Galala_20_34.png,A
A/Galala_38_43.png,A
A/Galala_55_25.png,A
A/Cairo_6_33.png,A
A/Galala_54_35.png,A
A/Cairo_13_11.png,A
A/Mansoura_6_26.png,A
A/Galala_36_31.png,A
A/Mansoura_29_21.png,A
A/Galala_52_33.png,A
A/Cairo_10_6.png,A
A/Tiba_9_29.png,A
A/Tiba_8_7.png,A
A/Galala_54_33.png,A
A/Galala_22_40.png,A
A/Cairo_14_22.png,A
A/Mansoura_14_2.png,A
A/Cairo_5_2.png,A
A/Cairo_2_21.png,A
A/Mansoura_7_3.png,A
A/Galala_6_1.png,A
A/Cairo_8_31.png,A
A/Galala_23_7.png,A
A/Mansoura_27_16.png,A
A/Galala_39_9.png,A
A/Cairo_8_22.png,A
A/Galala_1_11.png,A
A/Galala_16_24.png,A
A/Galala_35_31.png,A
A/Galala_0_6.png,A
A/Tiba_9_27.png,A
A/Mansoura_15_32.png,A
A/Galala_56_27.png,A
A/Cairo_2_31.png,A
A/Galala_20_17.png,A
A/Galala_28_44.png,A
A/Galala_22_36.png,A
A/Tiba_21_10.png,A
A/Galala_42_8.png,A
A/Mansoura_8_40.png,A
A/Galala_34_39.png,A
A/Galala_37_40.png,A
A/Galala_26_5.png,A
A/Tiba_10_21.png,A
A/Galala_45_37.png,A
A/Galala_29_34.png,A
A/Galala_4_18.png,A
A/Galala_3_18.png,A
A/Mansoura_25_21.png,A
A/Galala_46_24.png,A
A/Galala_56_25.png,A
A/Galala_49_26.png,A
A/Cairo_8_6.png,A
A/Cairo_11_15.png,A
A/Galala_16_33.png,A
A/Galala_59_6.png,A
A/Galala_57_10.png,A
A/Galala_17_10.png,A
A/Tiba_26_30.png,A
A/Galala_60_0.png,A
A/Tiba_25_31.png,A
A/Galala_50_34.png,A
A/Tiba_16_31.png,A
A/Galala_21_17.png,A
A/Cairo_6_8.png,A
A/Galala_58_47.png,A
A/Tiba_32_13.png,A
A/Galala_59_32.png,A
A/Mansoura_14_38.png,A
A/Galala_33_13.png,A
A/Galala_30_38.png,A
A/Tiba_4_26.png,A
A/Cairo_13_4.png,A
A/Galala_8_35.png,A
A/Mansoura_7_19.png,A
A/Galala_37_31.png,A
A/Cairo_15_3.png,A
A/Galala_52_19.png,A
A/Galala_45_14.png,A
A/Galala_26_33.png,A
A/Galala_30_7.png,A
A/Galala_59_46.png,A
A/Mansoura_26_16.png,A
A/Galala_2_22.png,A
A/Mansoura_11_36.png,A
A/Galala_59_3.png,A
A/Galala_45_36.png,A
A/Cairo_7_22.png,A
A/Mansoura_23_7.png,A
A/Galala_39_0.png,A
A/Galala_7_21.png,A
A/Galala_43_24.png,A
A/Galala_35_12.png,A
A/Mansoura_7_23.png,A
A/Cairo_15_21.png,A
A/Galala_47_22.png,A
A/Mansoura_10_16.png,A
A/Galala_26_38.png,A
A/Galala_33_43.png,A
A/Tiba_25_13.png,A
A/Galala_14_50.png,A
A/Galala_48_22.png,A
A/Galala_51_30.png,A
A/Galala_45_39.png,A
A/Cairo_12_1.png,A
A/Mansoura_19_26.png,A
A/Galala_32_44.png,A
A/Galala_17_9.png,A
A/Galala_37_37.png,A
A/Tiba_30_19.png,A
A/Galala_14_40.png,A
A/Tiba_8_13.png,A
A/Tiba_29_18.png,A
A/Galala_33_49.png,A
A/Galala_57_47.png,A
A/Mansoura_2_9.png,A
A/Galala_19_9.png,A
A/Galala_1_16.png,A
A/Tiba_8_12.png,A
A/Cairo_7_25.png,A
A/Galala_45_7.png,A
A/Galala_35_11.png,A
A/Galala_38_32.png,A
A/Galala_47_17.png,A
A/Cairo_1_12.png,A
A/Galala_28_11.png,A
A/Galala_8_25.png,A
A/Galala_57_22.png,A
A/Galala_14_46.png,A
A/Galala_26_45.png,A
A/Cairo_7_12.png,A
A/Tiba_29_10.png,A
A/Mansoura_15_22.png,A
A/Tiba_25_9.png,A
A/Mansoura_23_34.png,A
A/Mansoura_9_34.png,A
A/Mansoura_8_7.png,A
A/Mansoura_0_13.png,A
A/Galala_22_17.png,A
A/Tiba_12_13.png,A
A/Tiba_21_4.png,A
A/Mansoura_6_34.png,A
A/Tiba_3_14.png,A
A/Tiba_32_0.png,A
A/Mansoura_11_31.png,A
A/Galala_12_33.png,A
A/Mansoura_1_37.png,A
A/Galala_59_12.png,A
A/Tiba_2_7.png,A
A/Galala_61_39.png,A
A/Mansoura_18_30.png,A
A/Tiba_11_1.png,A
A/Galala_48_7.png,A
A/Galala_22_46.png,A
A/Tiba_11_17.png,A
A/Mansoura_0_8.png,A
A/Cairo_14_19.png,A
A/Tiba_17_15.png,A
A/Galala_17_29.png,A
A/Galala_12_43.png,A
A/Mansoura_23_35.png,A
A/Mansoura_7_13.png,A
A/Galala_11_41.png,A
A/Mansoura_4_39.png,A
A/Galala_53_47.png,A
A/Mansoura_19_22.png,A
A/Galala_13_39.png,A
A/Galala_53_22.png,A
A/Mansoura_4_32.png,A
A/Tiba_14_31.png,A
A/Cairo_10_1.png,A
A/Galala_1_46.png,A
A/Mansoura_24_17.png,A
A/Mansoura_5_11.png,A
A/Galala_46_15.png,A
A/Galala_9_20.png,A
A/Galala_7_38.png,A
A/Tiba_7_28.png,A
A/Galala_4_26.png,A
A/Tiba_4_13.png,A
A/Tiba_5_23.png,A
A/Galala_47_41.png,A
A/Galala_25_15.png,A
A/Galala_11_37.png,A
A/Galala_46_3.png,A
A/Galala_52_43.png,A
A/Galala_3_19.png,A
A/Mansoura_22_37.png,A
A/Galala_28_1.png,A
A/Galala_37_9.png,A
A/Galala_28_39.png,A
A/Galala_23_34.png,A
A/Cairo_13_21.png,A
A/Galala_50_42.png,A
A/Mansoura_14_5.png,A
A/Galala_53_46.png,A
A/Galala_28_34.png,A
A/Galala_4_6.png,A
A/Tiba_23_18.png,A
A/Tiba_15_21.png,A
A/Tiba_20_21.png,A
A/Galala_31_50.png,A
A/Cairo_9_12.png,A
A/Tiba_21_31.png,A
A/Mansoura_1_38.png,A
A/Tiba_18_12.png,A
A/Galala_34_4.png,A
A/Mansoura_24_6.png,A
A/Tiba_11_23.png,A
A/Galala_55_20.png,A
A/Tiba_31_27.png,A
A/Tiba_24_24.png,A
A/Mansoura_20_11.png,A
A/Galala_32_36.png,A
A/Galala_8_31.png,A
A/Galala_53_38.png,A
A/Tiba_10_23.png,A
A/Mansoura_13_34.png,A
A/Galala_45_11.png,A
A/Galala_54_10.png,A
A/Galala_55_46.png,A
A/Galala_50_0.png,A
A/Tiba_9_30.png,A
A/Galala_37_5.png,A
A/Tiba_24_23.png,A
A/Galala_43_37.png,A
A/Galala_44_34.png,A
A/Mansoura_5_13.png,A
A/Mansoura_9_11.png,A
A/Mansoura_1_39.png,A
A/Tiba_23_32.png,A
A/Tiba_19_31.png,A
A/Galala_14_28.png,A
A/Mansoura_27_26.png,A
A/Galala_32_26.png,A
A/Galala_12_27.png,A
A/Galala_18_26.png,A
A/Tiba_15_15.png,A
A/Galala_10_46.png,A
A/Galala_56_49.png,A
A/Mansoura_4_6.png,A
A/Galala_21_49.png,A
A/Tiba_28_32.png,A
A/Galala_14_7.png,A
A/Galala_0_18.png,A
A/Galala_29_2.png,A
A/Galala_30_44.png,A
A/Galala_0_43.png,A
A/Galala_2_18.png,A
A/Galala_51_33.png,A
A/Galala_34_24.png,A
A/Galala_51_48.png,A
A/Galala_51_13.png,A
A/Tiba_20_17.png,A
A/Galala_23_32.png,A
A/Galala_59_30.png,A
A/Galala_33_29.png,A
A/Mansoura_22_14.png,A
A/Tiba_27_9.png,A
A/Tiba_17_1.png,A
A/Galala_18_37.png,A
A/Mansoura_18_27.png,A
A/Mansoura_26_8.png,A
A/Galala_0_49.png,A
A/Tiba_27_8.png,A
A/Tiba_11_3.png,A
A/Cairo_14_32.png,A
A/Galala_53_10.png,A
A/Galala_27_31.png,A
A/Mansoura_23_12.png,A
A/Mansoura_3_18.png,A
A/Mansoura_5_37.png,A
A/Mansoura_11_5.png,A
A/Tiba_31_13.png,A
A/Tiba_1_7.png,A
A/Galala_18_20.png,A
A/Cairo_0_6.png,A
A/Galala_31_16.png,A
A/Tiba_2_15.png,A
A/Tiba_12_34.png,A
A/Mansoura_9_2.png,A
A/Galala_24_39.png,A
A/Galala_19_40.png,A
A/Galala_39_23.png,A
A/Galala_18_18.png,A
A/Tiba_6_18.png,A
A/Galala_38_4.png,A
A/Tiba_25_19.png,A
A/Mansoura_17_40.png,A
A/Tiba_23_34.png,A
A/Galala_28_35.png,A
A/Tiba_12_10.png,A
A/Galala_30_3.png,A
A/Galala_60_8.png,A
A/Galala_42_44.png,A
A/Galala_41_1.png,A
A/Mansoura_3_0.png,A
A/Galala_57_50.png,A
A/Galala_54_34.png,A
A/Galala_39_29.png,A
A/Cairo_6_0.png,A
A/Galala_3_6.png,A
A/Tiba_22_26.png,A
A/Tiba_14_12.png,A
A/Galala_22_8.png,A
A/Galala_38_27.png,A
A/Mansoura_16_24.png,A
A/Galala_12_11.png,A
A/Galala_51_32.png,A
A/Cairo_0_16.png,A
A/Tiba_18_0.png,A
A/Tiba_13_7.png,A
A/Galala_40_7.png,A
A/Tiba_29_27.png,A
A/Cairo_1_24.png,A
A/Galala_57_12.png,A
A/Tiba_30_11.png,A
A/Mansoura_6_18.png,A
A/Galala_55_9.png,A
A/Galala_15_43.png,A
A/Mansoura_10_11.png,A
A/Galala_4_48.png,A
A/Galala_22_2.png,A
A/Galala_7_49.png,A
A/Galala_12_5.png,A
A/Mansoura_19_12.png,A
A/Galala_24_26.png,A
A/Tiba_22_30.png,A
A/Mansoura_29_37.png,A
A/Tiba_15_22.png,A
A/Galala_13_40.png,A
A/Galala_45_6.png,A
A/Galala_59_13.png,A
A/Galala_20_32.png,A
A/Galala_51_31.png,A
A/Galala_0_10.png,A
A/Galala_16_1.png,A
A/Tiba_12_30.png,A
A/Tiba_6_19.png,A
A/Galala_26_20.png,A
A/Mansoura_24_28.png,A
A/Galala_5_34.png,A
A/Tiba_12_7.png,A
A/Tiba_15_32.png,A
A/Galala_16_17.png,A
A/Galala_51_15.png,A
A/Galala_27_5.png,A
A/Tiba_4_3.png,A
A/Galala_10_50.png,A
A/Mansoura_0_0.png,A
A/Tiba_21_33.png,A
A/Tiba_5_3.png,A
A/Mansoura_12_7.png,A
A/Galala_15_40.png,A
A/Cairo_2_16.png,A
A/Cairo_10_27.png,A
A/Galala_58_48.png,A
A/Tiba_9_11.png,A
A/Cairo_13_27.png,A
A/Tiba_29_13.png,A
A/Galala_38_34.png,A
A/Mansoura_15_29.png,A
A/Galala_44_5.png,A
A/Galala_53_18.png,A
A/Galala_8_50.png,A
A/Galala_3_27.png,A
A/Galala_45_33.png,A
A/Galala_59_49.png,A
A/Mansoura_15_33.png,A
A/Galala_25_17.png,A
A/Mansoura_14_24.png,A
A/Galala_26_42.png,A
A/Galala_59_45.png,A
A/Galala_20_18.png,A
A/Tiba_3_15.png,A
A/Galala_21_43.png,A
A/Tiba_11_25.png,A
A/Galala_25_16.png,A
A/Cairo_1_17.png,A
A/Galala_18_49.png,A
A/Cairo_3_24.png,A
A/Galala_7_35.png,A
A/Galala_14_8.png,A
A/Cairo_0_28.png,A
A/Galala_36_3.png,A
A/Mansoura_6_27.png,A
A/Mansoura_6_33.png,A
A/Galala_27_37.png,A
A/Cairo_15_1.png,A
A/Galala_44_40.png,A
A/Galala_21_38.png,A
A/Galala_56_22.png,A
A/Galala_17_36.png,A
A/Galala_5_38.png,A
A/Galala_22_34.png,A
A/Galala_10_33.png,A
A/Cairo_12_5.png,A
A/Galala_37_0.png,A
A/Galala_44_3.png,A
A/Galala_40_39.png,A
A/Galala_50_10.png,A
A/Galala_30_6.png,A
A/Cairo_13_26.png,A
A/Tiba_20_8.png,A
A/Cairo_15_9.png,A
A/Tiba_6_16.png,A
A/Mansoura_14_9.png,A
A/Galala_15_42.png,A
A/Galala_30_0.png,A
A/Galala_39_46.png,A
A/Tiba_29_28.png,A
A/Galala_33_19.png,A
A/Galala_44_30.png,A
A/Galala_8_10.png,A
A/Galala_53_2.png,A
A/Galala_9_15.png,A
A/Tiba_25_7.png,A
A/Tiba_27_18.png,A
A/Mansoura_8_29.png,A
A/Galala_19_25.png,A
A/Galala_17_44.png,A
A/Mansoura_23_6.png,A
A/Galala_13_44.png,A
A/Cairo_9_29.png,A
A/Tiba_31_25.png,A
A/Mansoura_19_13.png,A
A/Galala_24_48.png,A
A/Tiba_0_22.png,A
A/Galala_44_42.png,A
A/Galala_38_35.png,A
A/Galala_50_38.png,A
A/Galala_19_32.png,A
A/Tiba_10_29.png,A
A/Galala_11_46.png,A
A/Mansoura_26_11.png,A
A/Tiba_5_16.png,A
A/Mansoura_25_12.png,A
A/Galala_48_17.png,A
A/Galala_25_45.png,A
A/Mansoura_14_27.png,A
A/Galala_1_38.png,A
A/Galala_18_24.png,A
A/Galala_9_36.png,A
A/Galala_47_1.png,A
A/Tiba_29_17.png,A
A/Galala_43_18.png,A
A/Mansoura_9_3.png,A
A/Galala_43_30.png,A
A/Galala_56_33.png,A
A/Tiba_14_14.png,A
A/Galala_24_1.png,A
A/Galala_52_14.png,A
A/Galala_33_8.png,A
A/Galala_52_46.png,A
A/Galala_55_45.png,A
A/Tiba_11_20.png,A
A/Galala_5_24.png,A
A/Mansoura_9_12.png,A
A/Mansoura_20_0.png,A
A/Mansoura_23_40.png,A
A/Galala_52_3.png,A
A/Galala_16_3.png,A
A/Tiba_32_15.png,A
A/Mansoura_10_40.png,A
A/Galala_33_36.png,A
A/Galala_30_15.png,A
A/Galala_39_44.png,A
A/Tiba_16_8.png,A
A/Galala_36_15.png,A
A/Mansoura_2_28.png,A
A/Galala_34_15.png,A
A/Mansoura_19_0.png,A
A/Galala_57_23.png,A
A/Galala_31_15.png,A
A/Galala_11_17.png,A
A/Cairo_4_12.png,A
A/Mansoura_19_10.png,A
A/Mansoura_1_7.png,A
A/Tiba_15_34.png,A
A/Galala_14_21.png,A
A/Galala_11_48.png,A
A/Tiba_0_18.png,A
A/Mansoura_2_23.png,A
A/Tiba_26_8.png,A
A/Tiba_21_19.png,A
A/Galala_41_35.png,A
A/Mansoura_0_32.png,A
A/Galala_29_21.png,A
A/Cairo_5_9.png,A
A/Galala_15_28.png,A
A/Cairo_2_11.png,A
A/Galala_11_42.png,A
A/Tiba_8_26.png,A
A/Galala_24_37.png,A
A/Tiba_25_24.png,A
A/Galala_36_39.png,A
A/Mansoura_21_18.png,A
A/Tiba_23_13.png,A
A/Galala_25_11.png,A
A/Galala_45_38.png,A
A/Galala_57_8.png,A
A/Cairo_15_12.png,A
A/Galala_47_21.png,A
A/Galala_18_45.png,A
A/Tiba_2_23.png,A
A/Cairo_15_33.png,A
A/Tiba_13_10.png,A
A/Cairo_3_26.png,A
A/Galala_47_15.png,A
A/Galala_45_40.png,A
A/Tiba_17_31.png,A
A/Galala_18_41.png,A
A/Galala_27_32.png,A
A/Tiba_10_24.png,A
A/Galala_7_40.png,A
A/Mansoura_6_2.png,A
A/Galala_17_39.png,A
A/Galala_38_23.png,A
A/Galala_23_27.png,A
A/Galala_26_9.png,A
A/Galala_16_39.png,A
A/Mansoura_2_38.png,A
A/Cairo_10_4.png,A
A/Galala_61_20.png,A
A/Galala_43_0.png,A
A/Mansoura_6_17.png,A
A/Galala_17_26.png,A
A/Tiba_20_31.png,A
A/Galala_10_8.png,A
A/Tiba_7_22.png,A
A/Galala_35_36.png,A
A/Galala_1_4.png,A
A/Galala_20_28.png,A
A/Mansoura_25_13.png,A
A/Mansoura_13_36.png,A
A/Galala_38_17.png,A
A/Galala_13_4.png,A
A/Galala_27_29.png,A
A/Galala_37_1.png,A
A/Galala_5_18.png,A
A/Mansoura_23_39.png,A
A/Galala_19_43.png,A
A/Galala_15_36.png,A
A/Galala_42_20.png,A
A/Mansoura_14_17.png,A
A/Galala_45_35.png,A
A/Galala_9_1.png,A
A/Tiba_8_10.png,A
A/Tiba_0_23.png,A
A/Galala_9_33.png,A
A/Mansoura_24_22.png,A
A/Galala_55_16.png,A
A/Tiba_3_10.png,A
A/Galala_5_31.png,A
A/Tiba_17_9.png,A
A/Galala_46_22.png,A
A/Mansoura_12_14.png,A
A/Galala_25_35.png,A
A/Tiba_16_6.png,A
A/Mansoura_28_37.png,A
A/Mansoura_26_29.png,A
A/Tiba_10_8.png,A
A/Galala_43_10.png,A
A/Tiba_23_0.png,A
A/Mansoura_5_30.png,A
A/Galala_54_9.png,A
A/Tiba_29_33.png,A
A/Tiba_4_10.png,A
A/Tiba_1_24.png,A
A/Mansoura_25_28.png,A
A/Galala_29_26.png,A
A/Tiba_26_21.png,A
A/Tiba_2_17.png,A
A/Tiba_16_0.png,A
A/Galala_4_5.png,A
A/Galala_13_30.png,A
A/Galala_41_12.png,A
A/Tiba_3_6.png,A
A/Galala_38_11.png,A
A/Cairo_5_23.png,A
A/Galala_17_11.png,A
A/Galala_23_49.png,A
A/Galala_11_20.png,A
A/Tiba_3_25.png,A
A/Mansoura_24_4.png,A
A/Tiba_14_25.png,A
A/Mansoura_0_35.png,A
A/Mansoura_1_18.png,A
A/Tiba_25_12.png,A
A/Mansoura_7_33.png,A
A/Tiba_1_1.png,A
A/Cairo_7_10.png,A
A/Galala_13_31.png,A
A/Galala_31_38.png,A
A/Mansoura_25_14.png,A
A/Tiba_17_16.png,A
A/Mansoura_21_9.png,A
A/Galala_43_27.png,A
A/Tiba_21_13.png,A
A/Mansoura_27_20.png,A
A/Mansoura_24_14.png,A
A/Cairo_2_7.png,A
A/Galala_50_15.png,A
A/Mansoura_23_0.png,A
A/Galala_36_49.png,A
A/Mansoura_15_24.png,A
A/Galala_10_40.png,A
A/Mansoura_2_16.png,A
A/Galala_21_15.png,A
A/Galala_7_18.png,A
A/Mansoura_11_13.png,A
A/Galala_32_11.png,A
A/Galala_57_26.png,A
A/Tiba_5_22.png,A
A/Galala_29_45.png,A
A/Tiba_23_22.png,A
A/Galala_51_16.png,A
A/Galala_14_32.png,A
A/Galala_56_24.png,A
A/Mansoura_20_15.png,A
A/Galala_49_2.png,A
A/Galala_54_7.png,A
A/Galala_6_7.png,A
A/Galala_2_4.png,A
A/Mansoura_1_6.png,A
A/Cairo_12_10.png,A
A/Mansoura_8_32.png,A
A/Galala_45_21.png,A
A/Tiba_26_3.png,A
A/Cairo_9_28.png,A
A/Galala_54_46.png,A
A/Mansoura_26_12.png,A
A/Mansoura_19_23.png,A
A/Galala_18_25.png,A
A/Galala_18_19.png,A
A/Galala_0_28.png,A
A/Mansoura_27_2.png,A
A/Galala_40_35.png,A
A/Mansoura_19_11.png,A
A/Galala_61_22.png,A
A/Galala_0_48.png,A
A/Mansoura_28_18.png,A
A/Tiba_9_13.png,A
A/Tiba_13_11.png,A
A/Galala_37_45.png,A
A/Tiba_25_10.png,A
A/Tiba_0_32.png,A
A/Cairo_13_22.png,A
A/Galala_3_40.png,A
A/Tiba_23_3.png,A
A/Galala_9_29.png,A
A/Mansoura_21_39.png,A
A/Galala_14_13.png,A
A/Mansoura_27_38.png,A
A/Galala_41_20.png,A
A/Tiba_30_10.png,A
A/Galala_11_47.png,A
A/Mansoura_25_38.png,A
A/Galala_33_47.png,A
A/Galala_10_38.png,A
A/Mansoura_11_39.png,A
A/Galala_42_24.png,A
A/Galala_23_35.png,A
A/Galala_22_24.png,A
A/Mansoura_8_27.png,A
A/Mansoura_13_26.png,A
A/Galala_47_44.png,A
A/Tiba_25_25.png,A
A/Cairo_10_16.png,A
A/Tiba_26_25.png,A
A/Cairo_15_6.png,A
A/Tiba_30_3.png,A
A/Galala_36_32.png,A
A/Tiba_12_12.png,A
A/Mansoura_5_7.png,A
A/Tiba_31_28.png,A
A/Tiba_4_2.png,A
A/Galala_57_32.png,A
A/Tiba_27_11.png,A
A/Galala_0_0.png,A
A/Galala_16_13.png,A
A/Galala_53_31.png,A
A/Mansoura_12_36.png,A
A/Tiba_17_12.png,A
A/Galala_25_47.png,A
A/Galala_29_43.png,A
A/Mansoura_21_24.png,A
A/Galala_7_17.png,A
A/Tiba_25_29.png,A
A/Mansoura_2_26.png,A
A/Galala_57_3.png,A
A/Cairo_2_27.png,A
A/Galala_27_13.png,A
A/Cairo_11_28.png,A
A/Mansoura_12_21.png,A
A/Mansoura_14_20.png,A
A/Galala_19_2.png,A
A/Galala_54_38.png,A
A/Cairo_6_6.png,A
A/Galala_51_20.png,A
A/Tiba_20_25.png,A
A/Tiba_27_0.png,A
A/Galala_58_1.png,A
A/Mansoura_1_29.png,A
A/Mansoura_26_5.png,A
A/Mansoura_18_3.png,A
A/Tiba_23_1.png,A
A/Galala_40_50.png,A
A/Galala_31_1.png,A
A/Cairo_8_28.png,A
A/Galala_8_1.png,A
A/Galala_43_19.png,A
A/Galala_28_26.png,A
A/Galala_41_6.png,A
A/Galala_8_3.png,A
A/Mansoura_17_31.png,A
A/Tiba_9_12.png,A
A/Galala_12_2.png,A
A/Mansoura_2_33.png,A
A/Galala_1_21.png,A
A/Galala_7_33.png,A
A/Galala_16_42.png,A
A/Galala_35_8.png,A
A/Galala_34_44.png,A
A/Galala_57_16.png,A
A/Galala_12_25.png,A
A/Tiba_27_5.png,A
A/Mansoura_3_23.png,A
A/Galala_28_50.png,A
A/Cairo_7_19.png,A
A/Mansoura_9_23.png,A
A/Galala_19_7.png,A
A/Galala_51_19.png,A
A/Tiba_6_10.png,A
A/Galala_9_25.png,A
A/Tiba_32_12.png,A
A/Galala_4_17.png,A
A/Tiba_16_26.png,A
A/Galala_59_20.png,A
A/Tiba_1_8.png,A
A/Galala_5_23.png,A
A/Cairo_7_26.png,A
A/Mansoura_20_24.png,A
A/Cairo_12_22.png,A
A/Mansoura_22_21.png,A
A/Galala_14_47.png,A
A/Galala_15_46.png,A
A/Tiba_4_31.png,A
A/Galala_19_30.png,A
A/Galala_30_33.png,A
A/Tiba_9_16.png,A
A/Mansoura_7_31.png,A
A/Galala_11_24.png,A
A/Cairo_9_16.png,A
A/Galala_6_21.png,A
A/Tiba_24_31.png,A
A/Galala_0_27.png,A
A/Mansoura_3_29.png,A
A/Tiba_24_28.png,A
A/Galala_36_37.png,A
A/Mansoura_15_15.png,A
A/Cairo_11_31.png,A
A/Galala_3_10.png,A
A/Galala_13_50.png,A
A/Mansoura_8_17.png,A
A/Galala_36_6.png,A
A/Galala_41_10.png,A
A/Galala_29_27.png,A
A/Galala_4_32.png,A
A/Galala_49_4.png,A
A/Galala_12_40.png,A
A/Tiba_8_2.png,A
A/Mansoura_15_18.png,A
A/Tiba_17_21.png,A
A/Tiba_16_21.png,A
A/Tiba_25_4.png,A
A/Galala_9_37.png,A
A/Cairo_12_30.png,A
A/Cairo_1_26.png,A
A/Galala_32_5.png,A
A/Galala_0_2.png,A
A/Tiba_28_12.png,A
A/Galala_31_10.png,A
A/Galala_39_15.png,A
A/Galala_7_12.png,A
A/Galala_8_0.png,A
A/Tiba_20_13.png,A
A/Mansoura_18_5.png,A
A/Tiba_22_22.png,A
A/Galala_58_12.png,A
A/Galala_51_17.png,A
A/Tiba_30_26.png,A
A/Mansoura_5_31.png,A
A/Cairo_3_20.png,A
A/Cairo_15_24.png,A
A/Galala_34_47.png,A
A/Mansoura_14_30.png,A
A/Galala_11_38.png,A
A/Galala_51_46.png,A
A/Galala_51_22.png,A
A/Galala_20_1.png,A
A/Mansoura_24_36.png,A
A/Galala_42_4.png,A
A/Mansoura_26_21.png,A
A/Galala_20_9.png,A
A/Galala_16_28.png,A
A/Galala_46_6.png,A
A/Tiba_13_18.png,A
A/Galala_34_40.png,A
A/Galala_32_20.png,A
A/Galala_27_2.png,A
A/Galala_10_18.png,A
A/Galala_48_47.png,A
A/Galala_59_7.png,A
A/Galala_47_14.png,A
A/Galala_56_14.png,A
A/Tiba_6_7.png,A
A/Cairo_6_10.png,A
A/Mansoura_18_0.png,A
A/Mansoura_23_10.png,A
A/Galala_28_0.png,A
A/Mansoura_17_27.png,A
A/Tiba_28_11.png,A
A/Mansoura_29_29.png,A
A/Tiba_7_19.png,A
A/Galala_57_15.png,A
A/Tiba_8_25.png,A
A/Galala_16_45.png,A
A/Mansoura_8_5.png,A
A/Galala_18_15.png,A
A/Galala_27_0.png,A
A/Galala_57_11.png,A
A/Galala_6_22.png,A
A/Galala_60_1.png,A
A/Mansoura_27_14.png,A
A/Mansoura_29_35.png,A
A/Galala_20_37.png,A
A/Galala_61_15.png,A
A/Galala_59_31.png,A
A/Galala_24_31.png,A
A/Galala_1_22.png,A
A/Galala_31_32.png,A
A/Mansoura_20_18.png,A
A/Mansoura_20_14.png,A
A/Galala_28_27.png,A
A/Mansoura_18_26.png,A
A/Galala_15_14.png,A
A/Tiba_25_17.png,A
A/Galala_45_32.png,A
A/Mansoura_11_12.png,A
A/Galala_47_27.png,A
A/Galala_54_20.png,A
A/Tiba_23_7.png,A
A/Cairo_0_2.png,A
A/Galala_57_48.png,A
A/Tiba_23_25.png,A
A/Tiba_23_8.png,A
A/Galala_49_11.png,A
A/Galala_50_22.png,A
A/Galala_38_10.png,A
A/Tiba_10_3.png,A
A/Galala_23_6.png,A
A/Mansoura_6_11.png,A
A/Tiba_22_13.png,A
A/Cairo_1_2.png,A
A/Galala_22_11.png,A
A/Galala_19_29.png,A
A/Galala_40_45.png,A
A/Mansoura_7_29.png,A
A/Cairo_10_8.png,A
A/Galala_14_44.png,A
A/Galala_45_3.png,A
A/Mansoura_19_37.png,A
A/Mansoura_26_18.png,A
A/Mansoura_2_31.png,A
A/Tiba_3_11.png,A
A/Galala_17_17.png,A
A/Galala_31_29.png,A
A/Galala_32_18.png,A
A/Mansoura_19_29.png,A
A/Cairo_14_21.png,A
A/Galala_43_31.png,A
A/Galala_15_39.png,A
A/Cairo_14_30.png,A
A/Mansoura_15_38.png,A
A/Galala_5_12.png,A
A/Cairo_4_23.png,A
A/Cairo_4_16.png,A
A/Galala_37_47.png,A
A/Galala_6_14.png,A
A/Galala_56_50.png,A
A/Tiba_17_18.png,A
A/Tiba_9_23.png,A
A/Cairo_0_9.png,A
A/Cairo_9_22.png,A
A/Tiba_17_22.png,A
A/Mansoura_18_6.png,A
A/Cairo_7_4.png,A
A/Galala_50_29.png,A
A/Galala_23_28.png,A
A/Mansoura_25_23.png,A
A/Mansoura_28_1.png,A
A/Galala_15_6.png,A
A/Tiba_24_13.png,A
A/Galala_22_41.png,A
A/Galala_36_5.png,A
A/Mansoura_4_22.png,A
A/Mansoura_6_25.png,A
A/Galala_4_39.png,A
A/Galala_45_49.png,A
A/Cairo_14_1.png,A
A/Tiba_1_22.png,A
A/Mansoura_7_40.png,A
A/Galala_7_48.png,A
A/Galala_2_35.png,A
A/Tiba_13_25.png,A
A/Galala_58_10.png,A
A/Tiba_26_12.png,A
A/Tiba_24_20.png,A
A/Cairo_5_3.png,A
A/Galala_35_7.png,A
A/Tiba_21_12.png,A
A/Galala_19_6.png,A
A/Tiba_30_1.png,A
A/Galala_37_23.png,A
A/Galala_14_48.png,A
A/Mansoura_23_26.png,A
A/Galala_15_38.png,A
A/Tiba_26_14.png,A
A/Cairo_15_27.png,A
A/Tiba_0_30.png,A
A/Tiba_18_11.png,A
A/Cairo_4_1.png,A
A/Galala_28_10.png,A
A/Galala_20_23.png,A
A/Galala_2_32.png,A
A/Mansoura_16_7.png,A
A/Mansoura_0_3.png,A
A/Galala_4_34.png,A
A/Galala_36_40.png,A
A/Galala_31_49.png,A
A/Galala_25_42.png,A
A/Galala_18_36.png,A
A/Tiba_19_24.png,A
A/Galala_8_7.png,A
A/Mansoura_24_3.png,A
A/Cairo_1_1.png,A
A/Tiba_28_21.png,A
A/Galala_52_12.png,A
A/Mansoura_26_17.png,A
A/Galala_45_48.png,A
A/Tiba_32_6.png,A
A/Galala_26_27.png,A
A/Galala_48_48.png,A
A/Tiba_12_15.png,A
A/Tiba_7_16.png,A
A/Galala_17_3.png,A
A/Cairo_9_2.png,A
A/Galala_20_30.png,A
A/Galala_24_3.png,A
A/Tiba_8_19.png,A
A/Tiba_2_24.png,A
A/Mansoura_14_12.png,A
A/Galala_49_13.png,A
A/Galala_24_46.png,A
A/Galala_39_20.png,A
A/Galala_43_16.png,A
A/Tiba_29_30.png,A
A/Cairo_5_13.png,A
A/Galala_24_28.png,A
A/Mansoura_15_20.png,A
A/Galala_60_41.png,A
A/Galala_42_40.png,A
A/Galala_13_2.png,A
A/Galala_42_15.png,A
A/Tiba_10_25.png,A
A/Galala_13_38.png,A
A/Tiba_6_20.png,A
A/Tiba_13_22.png,A
A/Galala_45_10.png,A
A/Galala_16_11.png,A
A/Tiba_12_5.png,A
A/Galala_10_17.png,A
A/Galala_55_42.png,A
A/Tiba_30_16.png,A
A/Mansoura_5_15.png,A
A/Galala_11_49.png,A
A/Galala_61_40.png,A
A/Galala_34_21.png,A
A/Galala_57_28.png,A
A/Galala_29_44.png,A
A/Cairo_6_22.png,A
A/Galala_55_35.png,A
A/Galala_1_35.png,A
A/Tiba_29_1.png,A
A/Galala_41_29.png,A
A/Cairo_5_32.png,A
A/Cairo_4_18.png,A
A/Mansoura_12_35.png,A
A/Galala_6_46.png,A
A/Tiba_17_17.png,A
A/Galala_25_0.png,A
A/Galala_37_35.png,A
A/Tiba_11_19.png,A
A/Mansoura_22_0.png,A
A/Cairo_1_30.png,A
A/Galala_44_26.png,A
A/Tiba_13_0.png,A
A/Tiba_12_19.png,A
A/Galala_1_12.png,A
A/Cairo_14_17.png,A
A/Galala_34_38.png,A
A/Tiba_10_7.png,A
A/Galala_54_39.png,A
A/Galala_50_28.png,A
A/Galala_16_31.png,A
A/Galala_21_8.png,A
A/Galala_58_32.png,A
A/Tiba_9_2.png,A
A/Galala_31_22.png,A
A/Galala_22_15.png,A
A/Tiba_14_0.png,A
A/Mansoura_22_32.png,A
A/Galala_30_43.png,A
A/Tiba_0_20.png,A
A/Galala_20_27.png,A
A/Tiba_19_11.png,A
A/Galala_22_10.png,A
A/Galala_29_25.png,A
A/Galala_19_16.png,A
A/Galala_37_8.png,A
A/Galala_42_21.png,A
A/Galala_55_32.png,A
A/Galala_56_19.png,A
A/Tiba_26_10.png,A
A/Galala_48_8.png,A
A/Mansoura_4_16.png,A
A/Mansoura_9_0.png,A
A/Galala_16_14.png,A
A/Galala_18_40.png,A
A/Cairo_5_10.png,A
A/Galala_50_30.png,A
A/Galala_43_41.png,A
A/Mansoura_28_28.png,A
A/Tiba_6_3.png,A
A/Mansoura_2_13.png,A
A/Tiba_29_16.png,A
A/Tiba_22_3.png,A
A/Galala_54_30.png,A
A/Galala_40_24.png,A
A/Galala_48_5.png,A
A/Galala_59_27.png,A
A/Tiba_31_15.png,A
A/Galala_50_1.png,A
A/Mansoura_13_31.png,A
A/Galala_35_28.png,A
A/Cairo_0_1.png,A
A/Galala_17_27.png,A
A/Galala_49_47.png,A
A/Mansoura_22_35.png,A
A/Galala_28_45.png,A
A/Galala_24_44.png,A
A/Mansoura_5_28.png,A
A/Cairo_9_1.png,A
A/Galala_7_7.png,A
A/Galala_58_24.png,A
A/Tiba_15_1.png,A
A/Mansoura_22_40.png,A
A/Mansoura_11_18.png,A
A/Galala_22_38.png,A
A/Galala_2_41.png,A
A/Galala_54_43.png,A
A/Mansoura_16_40.png,A
A/Cairo_11_18.png,A
A/Galala_33_3.png,A
A/Cairo_9_11.png,A
A/Mansoura_19_39.png,A
A/Galala_28_43.png,A
A/Galala_37_32.png,A
A/Cairo_5_25.png,A
A/Mansoura_16_34.png,A
A/Cairo_1_14.png,A
A/Galala_47_39.png,A
A/Galala_57_31.png,A
A/Galala_23_15.png,A
A/Galala_40_27.png,A
A/Mansoura_24_32.png,A
A/Galala_47_30.png,A
A/Galala_51_23.png,A
A/Galala_0_5.png,A
A/Galala_55_11.png,A
A/Galala_16_6.png,A
A/Galala_60_23.png,A
A/Mansoura_5_3.png,A
A/Galala_27_48.png,A
A/Galala_22_45.png,A
A/Mansoura_16_12.png,A
A/Galala_17_5.png,A
A/Cairo_3_27.png,A
A/Mansoura_10_19.png,A
A/Galala_56_17.png,A
A/Galala_61_13.png,A
A/Galala_35_5.png,A
A/Galala_31_4.png,A
A/Galala_30_11.png,A
A/Galala_35_20.png,A
A/Galala_37_33.png,A
A/Galala_37_39.png,A
A/Tiba_31_17.png,A
A/Mansoura_2_10.png,A
A/Tiba_24_25.png,A
A/Galala_45_44.png,A
A/Tiba_9_15.png,A
A/Mansoura_19_27.png,A
A/Galala_37_36.png,A
A/Mansoura_10_30.png,A
A/Tiba_32_4.png,A
A/Galala_45_12.png,A
A/Galala_57_43.png,A
A/Galala_21_0.png,A
A/Tiba_10_2.png,A
A/Mansoura_11_25.png,A
A/Cairo_14_16.png,A
A/Cairo_5_16.png,A
A/Galala_43_22.png,A
A/Galala_14_19.png,A
A/Galala_10_37.png,A
A/Galala_33_41.png,A
A/Mansoura_8_26.png,A
A/Mansoura_28_13.png,A
A/Galala_22_29.png,A
A/Galala_3_23.png,A
A/Galala_26_50.png,A
A/Mansoura_22_11.png,A
A/Tiba_6_25.png,A
A/Galala_33_18.png,A
A/Mansoura_18_32.png,A
A/Galala_10_9.png,A
A/Galala_30_42.png,A
A/Galala_30_8.png,A
A/Galala_19_20.png,A
A/Tiba_17_29.png,A
A/Galala_48_21.png,A
A/Cairo_6_11.png,A
A/Galala_31_3.png,A
A/Cairo_1_0.png,A
A/Tiba_25_32.png,A
A/Tiba_0_0.png,A
A/Mansoura_22_33.png,A
A/Tiba_18_24.png,A
A/Galala_61_50.png,A
A/Mansoura_24_9.png,A
A/Galala_43_3.png,A
A/Mansoura_4_17.png,A
A/Galala_47_18.png,A
A/Cairo_3_12.png,A
A/Galala_37_27.png,A
A/Tiba_2_0.png,A
A/Tiba_7_5.png,A
A/Galala_16_30.png,A
A/Galala_19_24.png,A
A/Galala_36_10.png,A
A/Tiba_16_5.png,A
A/Tiba_25_11.png,A
A/Mansoura_19_40.png,A
A/Tiba_12_8.png,A
A/Mansoura_21_15.png,A
A/Galala_53_3.png,A
A/Mansoura_15_37.png,A
A/Tiba_27_3.png,A
A/Galala_21_14.png,A
A/Mansoura_28_9.png,A
A/Mansoura_12_8.png,A
A/Galala_14_35.png,A
A/Tiba_15_11.png,A
A/Cairo_2_9.png,A
A/Mansoura_24_38.png,A
A/Galala_58_20.png,A
A/Tiba_16_15.png,A
A/Cairo_2_28.png,A
A/Galala_4_41.png,A
A/Galala_8_5.png,A
A/Galala_21_18.png,A
A/Mansoura_25_1.png,A
A/Mansoura_25_40.png,A
A/Galala_17_43.png,A
A/Cairo_2_14.png,A
A/Galala_36_34.png,A
A/Galala_3_2.png,A
A/Tiba_4_27.png,A
A/Galala_56_29.png,A
A/Tiba_32_7.png,A
A/Cairo_7_13.png,A
A/Cairo_0_23.png,A
A/Tiba_9_28.png,A
A/Galala_0_40.png,A
A/Galala_13_46.png,A
A/Galala_33_40.png,A
A/Mansoura_10_21.png,A
A/Tiba_32_3.png,A
A/Galala_7_27.png,A
A/Mansoura_3_17.png,A
A/Galala_15_17.png,A
A/Mansoura_25_6.png,A
A/Galala_41_28.png,A
A/Mansoura_7_6.png,A
A/Tiba_26_27.png,A
A/Mansoura_20_16.png,A
A/Tiba_5_21.png,A
A/Tiba_11_30.png,A
A/Galala_56_3.png,A
A/Galala_57_29.png,A
A/Galala_18_35.png,A
A/Tiba_21_7.png,A
A/Cairo_4_21.png,A
A/Mansoura_28_15.png,A
A/Galala_30_46.png,A
A/Tiba_20_14.png,A
A/Galala_18_46.png,A
A/Tiba_1_16.png,A
A/Mansoura_20_5.png,A
A/Galala_35_50.png,A
A/Mansoura_20_34.png,A
A/Tiba_6_33.png,A
A/Tiba_32_27.png,A
A/Galala_9_38.png,A
A/Galala_57_7.png,A
A/Galala_11_13.png,A
A/Galala_7_1.png,A
A/Galala_22_5.png,A
A/Galala_21_11.png,A
A/Galala_46_17.png,A
A/Galala_0_7.png,A
A/Galala_15_13.png,A
A/Galala_36_38.png,A
A/Cairo_13_20.png,A
A/Galala_58_40.png,A
A/Tiba_15_3.png,A
A/Mansoura_10_7.png,A
A/Galala_24_29.png,A
A/Galala_22_39.png,A
A/Tiba_26_26.png,A
A/Cairo_2_12.png,A
A/Tiba_0_27.png,A
A/Tiba_31_30.png,A
A/Tiba_4_19.png,A
A/Cairo_0_18.png,A
A/Mansoura_11_38.png,A
A/Galala_20_10.png,A
A/Galala_23_18.png,A
A/Cairo_10_13.png,A
A/Tiba_29_9.png,A
A/Tiba_25_15.png,A
A/Galala_1_33.png,A
A/Galala_2_27.png,A
A/Galala_54_22.png,A
A/Mansoura_18_40.png,A
A/Galala_45_27.png,A
A/Cairo_6_5.png,A
A/Mansoura_17_37.png,A
A/Tiba_15_12.png,A
A/Tiba_10_18.png,A
A/Tiba_28_14.png,A
A/Tiba_18_17.png,A
A/Tiba_32_28.png,A
A/Galala_34_29.png,A
A/Galala_25_34.png,A
A/Mansoura_11_10.png,A
A/Galala_37_46.png,A
A/Tiba_26_2.png,A
A/Galala_34_35.png,A
A/Galala_55_12.png,A
A/Tiba_0_10.png,A
A/Cairo_5_6.png,A
A/Cairo_11_27.png,A
A/Galala_7_25.png,A
A/Galala_51_18.png,A
A/Galala_26_41.png,A
A/Galala_26_24.png,A
A/Mansoura_14_19.png,A
A/Galala_5_8.png,A
A/Tiba_13_13.png,A
A/Tiba_20_2.png,A
A/Cairo_15_26.png,A
A/Galala_3_9.png,A
A/Galala_11_8.png,A
A/Galala_29_37.png,A
A/Mansoura_4_30.png,A
A/Galala_46_39.png,A
A/Tiba_22_12.png,A
A/Mansoura_20_20.png,A
A/Galala_5_9.png,A
A/Galala_6_43.png,A
A/Mansoura_15_25.png,A
A/Tiba_10_4.png,A
A/Galala_45_47.png,A
A/Galala_28_42.png,A
A/Galala_42_18.png,A
A/Galala_23_50.png,A
A/Tiba_21_5.png,A
A/Mansoura_14_15.png,A
A/Galala_7_34.png,A
A/Galala_19_45.png,A
A/Mansoura_17_33.png,A
A/Galala_1_18.png,A
A/Galala_59_14.png,A
A/Tiba_26_0.png,A
A/Galala_16_23.png,A
A/Mansoura_3_6.png,A
A/Mansoura_29_14.png,A
A/Tiba_13_12.png,A
A/Galala_49_32.png,A
A/Galala_1_10.png,A
A/Cairo_7_6.png,A
A/Tiba_23_10.png,A
A/Mansoura_8_22.png,A
A/Galala_40_23.png,A
A/Galala_43_5.png,A
A/Cairo_0_21.png,A
A/Galala_36_13.png,A
A/Galala_16_25.png,A
A/Galala_41_46.png,A
A/Galala_21_28.png,A
A/Galala_20_8.png,A
A/Galala_30_50.png,A
A/Tiba_21_0.png,A
A/Cairo_11_23.png,A
A/Galala_32_12.png,A
A/Galala_5_21.png,A
A/Mansoura_9_37.png,A
A/Mansoura_11_16.png,A
A/Mansoura_8_25.png,A
A/Galala_46_49.png,A
A/Tiba_22_8.png,A
A/Galala_8_42.png,A
A/Cairo_8_3.png,A
A/Galala_30_18.png,A
A/Mansoura_29_38.png,A
A/Mansoura_1_11.png,A
A/Galala_30_27.png,A
A/Tiba_26_34.png,A
A/Galala_12_9.png,A
A/Mansoura_16_4.png,A
A/Tiba_30_33.png,A
A/Galala_61_24.png,A
A/Galala_14_45.png,A
A/Galala_11_34.png,A
A/Mansoura_20_38.png,A
A/Galala_5_49.png,A
A/Galala_30_26.png,A
A/Galala_37_43.png,A
A/Tiba_20_20.png,A
A/Galala_34_19.png,A
A/Galala_52_15.png,A
A/Galala_35_30.png,A
A/Galala_10_19.png,A
A/Galala_61_42.png,A
A/Galala_41_38.png,A
A/Tiba_4_34.png,A
A/Tiba_4_0.png,A
A/Tiba_10_30.png,A
A/Mansoura_6_28.png,A
A/Galala_32_45.png,A
A/Galala_42_41.png,A
A/Galala_21_22.png,A
A/Mansoura_29_20.png,A
A/Tiba_25_34.png,A
A/Galala_18_34.png,A
A/Galala_29_19.png,A
A/Tiba_7_3.png,A
A/Mansoura_27_1.png,A
A/Mansoura_18_18.png,A
A/Mansoura_10_9.png,A
A/Galala_17_31.png,A
A/Tiba_7_2.png,A
A/Cairo_15_20.png,A
A/Galala_38_0.png,A
A/Cairo_10_11.png,A
A/Galala_26_18.png,A
A/Galala_15_5.png,A
A/Galala_40_4.png,A
A/Galala_21_50.png,A
A/Galala_57_24.png,A
A/Galala_46_25.png,A
A/Cairo_8_15.png,A
A/Mansoura_2_1.png,A
A/Tiba_0_9.png,A
A/Galala_35_1.png,A
A/Galala_42_33.png,A
A/Mansoura_1_16.png,A
A/Mansoura_21_14.png,A
A/Mansoura_17_26.png,A
A/Galala_1_47.png,A
A/Galala_59_0.png,A
A/Mansoura_9_10.png,A
A/Galala_61_26.png,A
A/Mansoura_14_21.png,A
A/Tiba_22_27.png,A
A/Mansoura_9_29.png,A
A/Galala_35_18.png,A
A/Mansoura_3_16.png,A
A/Galala_34_0.png,A
A/Galala_58_38.png,A
A/Galala_1_30.png,A
A/Galala_12_14.png,A
A/Mansoura_22_6.png,A
A/Tiba_4_25.png,A
A/Galala_27_24.png,A
A/Cairo_5_22.png,A
A/Galala_1_26.png,A
A/Galala_5_40.png,A
A/Galala_4_35.png,A
A/Tiba_6_17.png,A
A/Galala_1_2.png,A
A/Galala_25_24.png,A
A/Galala_34_16.png,A
A/Mansoura_27_15.png,A
A/Mansoura_23_24.png,A
A/Cairo_14_24.png,A
A/Galala_46_44.png,A
A/Galala_29_10.png,A
A/Mansoura_0_6.png,A
A/Galala_56_30.png,A
A/Mansoura_10_0.png,A
A/Mansoura_26_27.png,A
A/Galala_35_10.png,A
A/Galala_51_9.png,A
A/Galala_15_3.png,A
A/Galala_58_23.png,A
A/Galala_24_45.png,A
A/Tiba_23_17.png,A
A/Tiba_25_23.png,A
A/Mansoura_8_3.png,A
A/Galala_46_47.png,A
A/Mansoura_11_26.png,A
A/Galala_19_48.png,A
A/Cairo_14_4.png,A
A/Galala_15_20.png,A
A/Galala_29_15.png,A
A/Mansoura_8_33.png,A
A/Galala_45_34.png,A
A/Tiba_21_30.png,A
A/Tiba_13_26.png,A
A/Galala_35_38.png,A
A/Tiba_18_26.png,A
A/Galala_42_23.png,A
A/Mansoura_17_32.png,A
A/Galala_20_16.png,A
A/Galala_56_5.png,A
A/Galala_53_35.png,A
A/Cairo_5_31.png,A
A/Galala_27_11.png,A
A/Tiba_22_32.png,A
A/Galala_32_19.png,A
A/Galala_1_50.png,A
A/Mansoura_10_39.png,A
A/Galala_11_29.png,A
A/Mansoura_14_23.png,A
A/Mansoura_19_19.png,A
A/Galala_16_49.png,A
A/Cairo_14_8.png,A
A/Tiba_16_25.png,A
A/Tiba_13_34.png,A
A/Cairo_2_15.png,A
A/Galala_7_2.png,A
A/Galala_39_16.png,A
A/Galala_14_12.png,A
A/Galala_47_9.png,A
A/Galala_39_8.png,A
A/Mansoura_17_15.png,A
A/Galala_42_42.png,A
A/Tiba_32_29.png,A
A/Galala_33_27.png,A
A/Mansoura_4_31.png,A
A/Galala_58_2.png,A
A/Galala_10_27.png,A
A/Mansoura_4_8.png,A
A/Galala_8_47.png,A
A/Tiba_24_14.png,A
A/Galala_8_30.png,A
A/Mansoura_0_4.png,A
A/Galala_11_15.png,A
A/Galala_46_40.png,A
A/Galala_60_45.png,A
A/Tiba_31_14.png,A
A/Galala_38_20.png,A
A/Galala_21_47.png,A
A/Tiba_10_0.png,A
A/Tiba_7_32.png,A
A/Galala_45_4.png,A
A/Galala_60_43.png,A
A/Galala_1_27.png,A
A/Tiba_9_24.png,A
A/Mansoura_2_7.png,A
A/Galala_26_16.png,A
A/Galala_48_18.png,A
A/Mansoura_29_17.png,A
A/Galala_46_42.png,A
A/Galala_52_7.png,A
A/Galala_52_49.png,A
A/Galala_53_6.png,A
A/Galala_34_32.png,A
A/Galala_36_42.png,A
A/Galala_26_8.png,A
A/Tiba_1_27.png,A
A/Cairo_5_7.png,A
A/Galala_50_5.png,A
A/Tiba_20_30.png,A
A/Mansoura_12_31.png,A
A/Galala_56_37.png,A
A/Tiba_19_9.png,A
A/Mansoura_3_37.png,A
A/Mansoura_17_10.png,A
A/Galala_47_46.png,A
A/Galala_12_34.png,A
A/Galala_11_10.png,A
A/Galala_50_3.png,A
A/Galala_3_46.png,A
A/Tiba_8_17.png,A
A/Mansoura_20_37.png,A
A/Galala_5_41.png,A
A/Tiba_15_0.png,A
A/Galala_40_30.png,A
A/Galala_33_46.png,A
A/Mansoura_19_36.png,A
A/Galala_33_28.png,A
A/Galala_44_0.png,A
A/Galala_8_45.png,A
A/Galala_54_4.png,A
A/Galala_43_11.png,A
A/Galala_25_14.png,A
A/Tiba_9_26.png,A
A/Galala_55_40.png,A
A/Mansoura_27_4.png,A
A/Galala_49_6.png,A
A/Galala_20_6.png,A
A/Galala_29_12.png,A
A/Tiba_14_9.png,A
A/Galala_5_29.png,A
A/Galala_0_46.png,A
A/Galala_8_18.png,A
A/Tiba_5_15.png,A
A/Galala_4_45.png,A
A/Cairo_2_2.png,A
A/Galala_42_13.png,A
A/Mansoura_13_14.png,A
A/Tiba_14_21.png,A
A/Tiba_8_29.png,A
A/Galala_1_44.png,A
A/Mansoura_3_40.png,A
A/Cairo_2_8.png,A
A/Mansoura_26_40.png,A
A/Tiba_2_6.png,A
A/Galala_16_41.png,A
A/Mansoura_7_37.png,A
A/Tiba_17_2.png,A
A/Mansoura_11_40.png,A
A/Galala_16_12.png,A
A/Mansoura_14_8.png,A
A/Galala_22_27.png,A
A/Cairo_10_10.png,A
A/Tiba_2_9.png,A
A/Galala_13_34.png,A
A/Galala_6_12.png,A
A/Mansoura_27_18.png,A
A/Galala_25_30.png,A
A/Galala_8_16.png,A
A/Cairo_4_3.png,A
A/Galala_11_32.png,A
A/Cairo_13_0.png,A
A/Galala_41_48.png,A
A/Galala_32_27.png,A
A/Galala_30_13.png,A
A/Cairo_8_24.png,A
A/Galala_19_3.png,A
A/Cairo_9_27.png,A
A/Galala_18_44.png,A
A/Galala_12_48.png,A
A/Tiba_16_32.png,A
A/Mansoura_17_14.png,A
A/Galala_0_13.png,A
A/Galala_15_30.png,A
A/Galala_16_37.png,A
A/Galala_10_20.png,A
A/Galala_24_33.png,A
A/Galala_51_47.png,A
A/Galala_41_42.png,A
A/Galala_1_1.png,A
A/Mansoura_19_14.png,A
A/Tiba_13_24.png,A
A/Mansoura_22_17.png,A
A/Tiba_30_31.png,A
A/Tiba_9_32.png,A
A/Cairo_12_6.png,A
A/Cairo_15_25.png,A
A/Galala_54_24.png,A
A/Galala_50_39.png,A
A/Galala_8_37.png,A
A/Galala_4_14.png,A
A/Galala_33_48.png,A
A/Galala_60_18.png,A
A/Galala_39_41.png,A
A/Galala_40_12.png,A
A/Galala_33_45.png,A
A/Mansoura_5_35.png,A
A/Galala_54_29.png,A
A/Cairo_2_29.png,A
A/Galala_25_44.png,A
A/Galala_3_32.png,A
A/Cairo_15_15.png,A
A/Galala_17_32.png,A
A/Galala_26_47.png,A
A/Tiba_30_0.png,A
A/Tiba_22_14.png,A
A/Galala_59_42.png,A
A/Cairo_13_14.png,A
A/Tiba_8_15.png,A
A/Galala_15_27.png,A
A/Cairo_4_26.png,A
A/Mansoura_16_33.png,A
A/Cairo_6_20.png,A
A/Mansoura_22_28.png,A
A/Mansoura_16_38.png,A
A/Mansoura_13_19.png,A
A/Galala_44_15.png,A
A/Cairo_15_11.png,A
A/Galala_27_15.png,A
